{
  "iteration": [
    1,
    2,
    3,
    4,
    5,
    6,
    7,
    8,
    9,
    10,
    11,
    12,
    13,
    14,
    15,
    16,
    17,
    18,
    19,
    20,
    21,
    22,
    23,
    24,
    25
  ],
  "total_loss": [
    2.1889350131656347,
    1.5983559578023059,
    1.5366281304376346,
    1.441798895566087,
    1.4201956399273419,
    1.3808272530285406,
    1.3693309326517096,
    1.3465783695379894,
    1.2620215865123607,
    1.2319293807991936,
    1.2172133610300395,
    1.227427094534535,
    1.221933737298107,
    1.219366240730066,
    1.2070564965838972,
    1.2046347722906592,
    1.1986100604619516,
    1.2064189140372874,
    1.2099340657977498,
    1.2055497791684802,
    1.2181612486729536,
    1.222479134706585,
    1.2256507353023496,
    1.2252870456489455,
    1.2415522489401385
  ],
  "policy_loss": [
    1.6852452063828371,
    1.2618211017644152,
    1.2041031965972684,
    1.149311492709737,
    1.1318354839124336,
    1.112322109371004,
    1.102277755188906,
    1.0914248526331936,
    1.0322045302223366,
    1.0185803854861832,
    1.013965047358552,
    1.0149739247834897,
    1.0114506704956674,
    1.0074606059304894,
    1.0017473766718374,
    0.9967864438395976,
    0.9913640933573399,
    0.9942936749561974,
    0.9956512331886365,
    0.997946959345237,
    1.0010585821269418,
    1.0031123780076157,
    1.0060189371294987,
    1.0072870876401891,
    1.0156675424569708
  ],
  "value_loss": [
    0.5036898029989071,
    0.33653485550683865,
    0.33252493300019426,
    0.29248740210540985,
    0.2883601558573906,
    0.2685051440536766,
    0.2670531775695616,
    0.255153516528831,
    0.22981705719990955,
    0.2133489948299611,
    0.20324831312746192,
    0.21245316902599523,
    0.21048306739505598,
    0.21190563543078006,
    0.20530911929419507,
    0.20784832852085114,
    0.20724596671207482,
    0.2121252393402407,
    0.21428283263674325,
    0.20760281914964204,
    0.21710266682135937,
    0.21936675647745277,
    0.21963179791584383,
    0.21799995753523485,
    0.2258847066594283
  ],
  "arena_win_rate": [
    0.75,
    0.5,
    0.5,
    0.5,
    0.5,
    0.5,
    0.5,
    0.5,
    0.5,
    0.5,
    0.5,
    0.5,
    0.5,
    0.5,
    0.5,
    0.5,
    0.5,
    0.5,
    0.5,
    0.5,
    0.5,
    0.5,
    0.5,
    0.5,
    0.5
  ],
  "vs_random_win_rate": [
    0.96,
    0.98,
    0.98,
    0.97,
    0.97,
    0.96,
    0.97,
    0.97,
    0.97,
    0.95,
    1.0,
    0.95,
    0.98,
    0.98,
    0.98,
    0.98,
    0.99,
    0.96,
    0.96,
    0.97,
    0.96,
    0.97,
    0.99,
    0.96,
    0.95
  ],
  "model_accepted": [
    true,
    false,
    false,
    false,
    false,
    false,
    false,
    false,
    false,
    false,
    false,
    false,
    false,
    false,
    false,
    false,
    false,
    false,
    false,
    false,
    false,
    false,
    false,
    false,
    false
  ],
  "buffer_size": [
    5696,
    12024,
    17992,
    24312,
    30224,
    36312,
    42384,
    48520,
    50000,
    50000,
    50000,
    50000,
    50000,
    50000,
    50000,
    50000,
    50000,
    50000,
    50000,
    50000,
    50000,
    50000,
    50000,
    50000,
    50000
  ],
  "self_play_outcomes": [
    [
      56,
      20,
      24
    ],
    [
      35,
      11,
      54
    ],
    [
      48,
      10,
      42
    ],
    [
      33,
      6,
      61
    ],
    [
      47,
      11,
      42
    ],
    [
      38,
      5,
      57
    ],
    [
      44,
      11,
      45
    ],
    [
      39,
      7,
      54
    ],
    [
      44,
      6,
      50
    ],
    [
      38,
      5,
      57
    ],
    [
      43,
      7,
      50
    ],
    [
      39,
      9,
      52
    ],
    [
      38,
      7,
      55
    ],
    [
      41,
      7,
      52
    ],
    [
      41,
      6,
      53
    ],
    [
      27,
      10,
      63
    ],
    [
      30,
      10,
      60
    ],
    [
      40,
      7,
      53
    ],
    [
      44,
      7,
      49
    ],
    [
      36,
      10,
      54
    ],
    [
      40,
      11,
      49
    ],
    [
      45,
      8,
      47
    ],
    [
      41,
      11,
      48
    ],
    [
      28,
      11,
      61
    ],
    [
      47,
      10,
      43
    ]
  ],
  "policy_entropy": [
    1.3822886765003204,
    0.9164104479551315,
    0.9444325160980225,
    0.9019825369119644,
    0.9503629082441329,
    0.9314367765188217,
    0.9466160291433334,
    0.9288772112131118,
    0.9356538659334183,
    0.9187141317129135,
    0.9235959196090698,
    0.9217160356044769,
    0.9067016500234604,
    0.9293646121025085,
    0.9271496355533599,
    0.8907062256336212,
    0.9063633465766907,
    0.9315231597423553,
    0.9320684069395065,
    0.9400063306093216,
    0.9275092160701752,
    0.9284964632987976,
    0.9277129530906677,
    0.9068339931964874,
    0.9425200974941254
  ],
  "mean_root_value": [
    0.15974350495226253,
    0.14302404354744816,
    0.18115785351089286,
    0.13952657247608105,
    0.16575308557646104,
    0.1499148972653855,
    0.1517638981535283,
    0.14520699633196807,
    0.15286122712034036,
    0.14487411030238845,
    0.16034713462591926,
    0.15758131616914087,
    0.15828044214144898,
    0.14972524843182508,
    0.15505059588039627,
    0.1402087868221735,
    0.13650366659080593,
    0.14507458555327749,
    0.1626869407779116,
    0.14220309245268264,
    0.1563670848646409,
    0.15826200822623565,
    0.1498826142134644,
    0.13783569025508202,
    0.16212826476809286
  ],
  "mean_search_depth": [
    2.9285634920634926,
    4.347952380952381,
    4.439527777777778,
    4.383222222222221,
    4.4558849206349205,
    4.397166666666666,
    4.333789682539683,
    4.344210317460316,
    4.376801587301588,
    4.390396825396825,
    4.4444325396825395,
    4.366738095238096,
    4.4592817460317455,
    4.375571428571428,
    4.421595238095239,
    4.399198412698413,
    4.351698412698412,
    4.323785714285714,
    4.452944444444444,
    4.3799801587301594,
    4.383912698412698,
    4.339587301587302,
    4.405376984126984,
    4.374630952380952,
    4.376797619047619
  ],
  "mean_game_length": [
    7.12,
    7.91,
    7.46,
    7.9,
    7.39,
    7.61,
    7.59,
    7.67,
    7.64,
    7.69,
    7.65,
    7.69,
    7.71,
    7.73,
    7.64,
    8.0,
    8.02,
    7.77,
    7.55,
    7.78,
    7.73,
    7.56,
    7.63,
    7.99,
    7.48
  ]
}