{
  "iteration": [
    1,
    2,
    3,
    4,
    5,
    6,
    7,
    8,
    9,
    10,
    11,
    12,
    13,
    14,
    15,
    16,
    17,
    18,
    19,
    20,
    21,
    22,
    23,
    24,
    25
  ],
  "total_loss": [
    2.4521668898431876,
    2.319325338877164,
    2.362460641340278,
    2.3784445958076117,
    2.3920444908011,
    2.3964409565993523,
    2.1244271388286498,
    1.9860944626669004,
    2.028719986243055,
    1.9281411203395968,
    1.9861552206174595,
    1.9006149044443417,
    1.9590644291809174,
    1.9967841302342426,
    2.031219219566916,
    2.066790597899186,
    1.9399246946167763,
    1.8727319776097222,
    1.9245372051473164,
    1.8721949938313125,
    1.9343947710893343,
    1.9777929605577913,
    1.887258915020072,
    1.8674881726732036,
    1.9251168778942673
  ],
  "policy_loss": [
    1.94392274806374,
    1.920964132516812,
    1.9000186171339846,
    1.8783988425660032,
    1.8588710197878047,
    1.841983144065933,
    1.6843317990768247,
    1.5607084430850116,
    1.5767338056095763,
    1.4957267535001402,
    1.5211054822028152,
    1.4544571204337082,
    1.4797596102230717,
    1.4854198873500386,
    1.4905518988361748,
    1.5076094041547508,
    1.434652268566439,
    1.3852162657034062,
    1.4079087332538935,
    1.3710112802055485,
    1.4088469261860908,
    1.4345323430760133,
    1.3850523929766683,
    1.3674668440123654,
    1.4026502928160645
  ],
  "value_loss": [
    0.5082441385377917,
    0.3983612052268452,
    0.46244202246782423,
    0.5000457508945159,
    0.5331734695948686,
    0.5544578118626549,
    0.4400953395046839,
    0.42538601878247034,
    0.45198618138571467,
    0.4324143664443307,
    0.46504973878775996,
    0.44615778455327704,
    0.4793048191582474,
    0.5113642419562163,
    0.5406673197417765,
    0.5591811931994565,
    0.5052724254653429,
    0.48751571158428325,
    0.5166284713694049,
    0.5011837142469633,
    0.5255478451376223,
    0.5432606161993635,
    0.5022065226665086,
    0.5000213275727866,
    0.522466585184912
  ],
  "arena_win_rate": [
    1.0,
    0.0,
    0.5,
    0.0,
    0.5,
    1.0,
    1.0,
    0.5,
    1.0,
    0.5,
    1.0,
    0.0,
    0.5,
    0.5,
    0.5,
    1.0,
    1.0,
    0.5,
    1.0,
    0.5,
    0.5,
    0.75,
    1.0,
    0.5,
    0.5
  ],
  "vs_random_win_rate": [
    1.0,
    0.96,
    0.98,
    1.0,
    0.98,
    0.96,
    0.98,
    1.0,
    0.98,
    0.98,
    1.0,
    1.0,
    0.96,
    1.0,
    1.0,
    0.98,
    1.0,
    0.96,
    1.0,
    0.98,
    1.0,
    0.98,
    0.98,
    0.98,
    1.0
  ],
  "model_accepted": [
    true,
    false,
    false,
    false,
    false,
    true,
    true,
    false,
    true,
    false,
    true,
    false,
    false,
    false,
    false,
    true,
    true,
    false,
    true,
    false,
    false,
    true,
    true,
    false,
    false
  ],
  "buffer_size": [
    3632,
    7466,
    11096,
    14890,
    18576,
    22464,
    26204,
    29770,
    33174,
    36884,
    40616,
    44262,
    48030,
    50000,
    50000,
    50000,
    50000,
    50000,
    50000,
    50000,
    50000,
    50000,
    50000,
    50000,
    50000
  ],
  "self_play_outcomes": [
    [
      58,
      41,
      1
    ],
    [
      55,
      44,
      1
    ],
    [
      65,
      32,
      3
    ],
    [
      55,
      44,
      1
    ],
    [
      55,
      44,
      1
    ],
    [
      54,
      45,
      1
    ],
    [
      68,
      32,
      0
    ],
    [
      71,
      29,
      0
    ],
    [
      60,
      39,
      1
    ],
    [
      55,
      44,
      1
    ],
    [
      52,
      45,
      3
    ],
    [
      61,
      39,
      0
    ],
    [
      52,
      45,
      3
    ],
    [
      55,
      44,
      1
    ],
    [
      51,
      48,
      1
    ],
    [
      60,
      39,
      1
    ],
    [
      59,
      40,
      1
    ],
    [
      51,
      49,
      0
    ],
    [
      49,
      51,
      0
    ],
    [
      61,
      39,
      0
    ],
    [
      53,
      45,
      2
    ],
    [
      59,
      41,
      0
    ],
    [
      51,
      48,
      1
    ],
    [
      43,
      55,
      2
    ],
    [
      54,
      44,
      2
    ]
  ],
  "policy_entropy": [
    1.4521410083770752,
    0.8995012077689171,
    0.9361217513680458,
    0.9224416169524193,
    0.9109314459562302,
    0.8796413397789001,
    0.9001379412412643,
    0.8689955323934555,
    0.9112356948852539,
    0.8996442547440529,
    0.8916706642508507,
    0.8554237699508667,
    0.8503406316041946,
    0.8344766813516616,
    0.8522577479481697,
    0.8475219038128853,
    0.8400606122612954,
    0.9207468321919441,
    0.841209200322628,
    0.8214836850762367,
    0.8211535435914993,
    0.8488364467024803,
    0.8453811281919479,
    0.7846318998932839,
    0.8130881512165069
  ],
  "mean_root_value": [
    0.07026142179944923,
    0.16767451081935922,
    0.1687852510480129,
    0.1525086311457186,
    0.16085031502704727,
    0.15667685599334644,
    0.13525252828954404,
    0.15323104185233133,
    0.14158617396742307,
    0.13309559175368554,
    0.1347418937126932,
    0.139392058828025,
    0.13501939220847478,
    0.13899748819436636,
    0.13607216490138974,
    0.13324908049022338,
    0.1344782600116294,
    0.13368211084489862,
    0.1258988402504143,
    0.1320587870434637,
    0.12515784635840999,
    0.1405092466945767,
    0.12229250807128586,
    0.12724287684103044,
    0.13334897739564175
  ],
  "mean_search_depth": [
    2.880833992388013,
    4.602808930495419,
    4.590221115558221,
    4.598367340730481,
    4.6357386127717435,
    4.610767265865308,
    4.8921026469027025,
    5.128658628770301,
    5.1362688782030785,
    5.260187331338143,
    5.328698095684143,
    5.441457948425505,
    5.425358190549938,
    5.409246132438187,
    5.466714715703125,
    5.374625799459361,
    5.470206817612885,
    5.382271112903893,
    5.438189339406956,
    5.528454040804571,
    5.559132210230286,
    5.473587241073625,
    5.576967614493379,
    5.740534731948069,
    5.63829109044299
  ],
  "mean_game_length": [
    18.16,
    19.17,
    18.15,
    18.97,
    18.43,
    19.44,
    18.7,
    17.83,
    17.02,
    18.55,
    18.66,
    18.23,
    18.84,
    18.99,
    18.53,
    19.06,
    20.05,
    17.41,
    18.99,
    19.81,
    20.69,
    18.87,
    19.55,
    21.21,
    20.36
  ]
}