{
  "iteration": [
    1,
    2,
    3,
    4,
    5,
    6,
    7,
    8,
    9,
    10,
    11,
    12,
    13,
    14,
    15,
    16,
    17,
    18,
    19,
    20,
    21,
    22,
    23,
    24,
    25,
    26,
    27,
    28,
    29,
    30,
    31,
    32,
    33,
    34,
    35,
    36,
    37,
    38,
    39,
    40,
    41,
    42,
    43,
    44,
    45,
    46,
    47,
    48,
    49,
    50
  ],
  "total_loss": [
    4.3359239704367045,
    3.286109228414648,
    3.0303612056497027,
    3.0171306029786455,
    3.046581139722904,
    3.0606350042148978,
    3.073294613952687,
    3.1541399167626714,
    3.214531031075646,
    3.185061779290514,
    3.1816176539491816,
    3.174926084844048,
    3.158903747446397,
    3.1269699981450425,
    3.1113741414321354,
    3.094846904033895,
    3.076649167684033,
    3.0569452693395296,
    3.0273940616251562,
    2.9972248854539583,
    2.9708838240569815,
    2.961030641297245,
    2.9402714849737905,
    2.9339000261348227,
    2.915762776182131,
    2.904463993192024,
    2.8950614278273816,
    2.8710694507869614,
    2.8693575192900265,
    2.8679112295970284,
    2.8581180192320548,
    2.8501261428493976,
    2.8469689275907433,
    2.8633262752876867,
    2.8717020256135166,
    2.8826285532063536,
    2.8949933432557087,
    2.9209278365230316,
    2.9342993066743817,
    2.9634523719777843,
    2.9970738584123304,
    3.0291372476636296,
    3.0790547906895123,
    3.1248456875076682,
    3.171075845039104,
    3.237076240823702,
    3.3014218011170704,
    3.3701410310652555,
    3.414037196441075,
    3.4707589982110827
  ],
  "policy_loss": [
    3.4551214394362075,
    2.854906098234887,
    2.685418338514354,
    2.667260890311383,
    2.6980828882930994,
    2.7320447721524155,
    2.772808490956993,
    2.8676142641955322,
    2.9482625377452587,
    2.941577949883688,
    2.9564407585526977,
    2.962859979492929,
    2.9594461465430686,
    2.9405104159394186,
    2.9341640864491767,
    2.9200450364586032,
    2.904563209010512,
    2.8889331303594057,
    2.8691224966207733,
    2.842864478335661,
    2.8164513218738234,
    2.8000170553736674,
    2.781835001935739,
    2.7719740849016876,
    2.7571579066688754,
    2.737929799123798,
    2.722799167120853,
    2.6985833665598995,
    2.6919629172290986,
    2.6855424465730673,
    2.668831390828428,
    2.6588369588108014,
    2.6504342175505657,
    2.6522586829217194,
    2.6480867440438334,
    2.646865538654425,
    2.6463754171300726,
    2.6558007639997148,
    2.6560524813354474,
    2.671530500427841,
    2.681058882051112,
    2.6951661078216476,
    2.7157582795833384,
    2.7391318434339653,
    2.760291149945515,
    2.7876893883775873,
    2.8210873062348427,
    2.8621464876567617,
    2.8840002418783923,
    2.911879047591363
  ],
  "value_loss": [
    0.8808025409562,
    0.43120312949606016,
    0.34494286567074794,
    0.3498697129589446,
    0.34849825356207736,
    0.32859023224428563,
    0.30048612340852265,
    0.286525651774443,
    0.26626849302931516,
    0.2434838294754248,
    0.22517689333161545,
    0.21206610451983599,
    0.1994576003130935,
    0.1864595831514758,
    0.17721005442130672,
    0.17480186791542698,
    0.1720859588931322,
    0.16801213808024248,
    0.15827156518969465,
    0.15436040702183038,
    0.15443250131900504,
    0.1610135864695091,
    0.1584364840360668,
    0.1619259418109837,
    0.1586048709886039,
    0.16653419403368822,
    0.17226226235039607,
    0.1724860848756531,
    0.17739460262353235,
    0.18236878304468357,
    0.18928662803300353,
    0.1912891860746438,
    0.19653470978150359,
    0.2110675926813308,
    0.2236152818410412,
    0.23576301510893571,
    0.24861792681055128,
    0.26512707227464677,
    0.2782468251874456,
    0.291921870891586,
    0.3160149762221157,
    0.3339711396638161,
    0.36329651050784095,
    0.38571384279891047,
    0.41078469430089304,
    0.4493868515390874,
    0.48033449497369246,
    0.5079945440773311,
    0.5300369540215149,
    0.5588799495526287
  ],
  "arena_win_rate": [
    1.0,
    1.0,
    1.0,
    1.0,
    1.0,
    1.0,
    1.0,
    1.0,
    1.0,
    1.0,
    1.0,
    1.0,
    1.0,
    1.0,
    1.0,
    1.0,
    1.0,
    1.0,
    1.0,
    1.0,
    1.0,
    1.0,
    1.0,
    1.0,
    1.0,
    1.0,
    1.0,
    1.0,
    1.0,
    1.0,
    1.0,
    1.0,
    1.0,
    1.0,
    1.0,
    1.0,
    1.0,
    1.0,
    1.0,
    1.0,
    1.0,
    1.0,
    1.0,
    1.0,
    1.0,
    1.0,
    1.0,
    1.0,
    1.0,
    1.0
  ],
  "vs_random_win_rate": [
    -1.0,
    -1.0,
    -1.0,
    -1.0,
    -1.0,
    -1.0,
    -1.0,
    -1.0,
    -1.0,
    -1.0,
    -1.0,
    -1.0,
    -1.0,
    -1.0,
    -1.0,
    -1.0,
    -1.0,
    -1.0,
    -1.0,
    -1.0,
    -1.0,
    -1.0,
    -1.0,
    -1.0,
    -1.0,
    -1.0,
    -1.0,
    -1.0,
    -1.0,
    -1.0,
    -1.0,
    -1.0,
    -1.0,
    -1.0,
    -1.0,
    -1.0,
    -1.0,
    -1.0,
    -1.0,
    -1.0,
    -1.0,
    -1.0,
    -1.0,
    -1.0,
    -1.0,
    -1.0,
    -1.0,
    -1.0,
    -1.0,
    -1.0
  ],
  "model_accepted": [
    true,
    true,
    true,
    true,
    true,
    true,
    true,
    true,
    true,
    true,
    true,
    true,
    true,
    true,
    true,
    true,
    true,
    true,
    true,
    true,
    true,
    true,
    true,
    true,
    true,
    true,
    true,
    true,
    true,
    true,
    true,
    true,
    true,
    true,
    true,
    true,
    true,
    true,
    true,
    true,
    true,
    true,
    true,
    true,
    true,
    true,
    true,
    true,
    true,
    true
  ],
  "buffer_size": [
    35256,
    65144,
    93192,
    120200,
    146280,
    170808,
    194024,
    200000,
    200000,
    200000,
    200000,
    200000,
    200000,
    200000,
    200000,
    200000,
    200000,
    200000,
    200000,
    200000,
    200000,
    200000,
    200000,
    200000,
    200000,
    200000,
    200000,
    200000,
    200000,
    200000,
    200000,
    200000,
    200000,
    200000,
    200000,
    200000,
    200000,
    200000,
    200000,
    200000,
    200000,
    200000,
    200000,
    200000,
    200000,
    200000,
    200000,
    200000,
    200000,
    200000
  ],