{
  "iteration": [
    1,
    2,
    3,
    4,
    5,
    6,
    7,
    8,
    9,
    10,
    11,
    12,
    13,
    14,
    15,
    16,
    17,
    18,
    19,
    20,
    21,
    22,
    23,
    24,
    25
  ],
  "total_loss": [
    3.5997224700861965,
    2.9563779674832475,
    2.828196071755246,
    2.8415713026090654,
    2.8193178272613175,
    2.809003774101472,
    2.4068795671853263,
    2.175315434822951,
    2.2129830939995356,
    2.019574981882139,
    1.9294245741251486,
    2.021692208926696,
    1.8897345893675714,
    1.9376435945253543,
    1.9140309606366754,
    1.891626755554048,
    1.7546247513092996,
    1.7054255144522927,
    1.7979630998180955,
    1.8412135687173175,
    1.7314327416669988,
    1.7507234489597627,
    1.654841893347328,
    1.6546827695482527,
    1.747132035670683
  ],
  "policy_loss": [
    2.8296148918532387,
    2.354416490470052,
    2.1975714368131154,
    2.197547338487547,
    2.208143405947844,
    2.189150953445288,
    1.8381490008910293,
    1.643885798664654,
    1.6803672433966566,
    1.4787002627730674,
    1.3456957218058578,
    1.3848845820597675,
    1.2900320699833847,
    1.3366267125472389,
    1.347953954400004,
    1.3365141711652737,
    1.2291581615843736,
    1.1572508344793564,
    1.2045417740750495,
    1.2365615461869617,
    1.1565390541120564,
    1.221503005163444,
    1.1420030718188152,
    1.1212347113262966,
    1.1727434895151412
  ],
  "value_loss": [
    0.7701075760675181,
    0.6019614774057322,
    0.6306246360301819,
    0.6440239632373576,
    0.6111744227502353,
    0.6198528205418525,
    0.5687305659436813,
    0.5314296374292782,
    0.5326158509134788,
    0.54087471990939,
    0.5837288521935263,
    0.6368076285475965,
    0.5997025193918086,
    0.6010168818942726,
    0.5660770071265491,
    0.5551125841772617,
    0.5254665897325481,
    0.5481746801463387,
    0.5934213257773453,
    0.6046520226332538,
    0.5748936872691145,
    0.5292204426901649,
    0.5128388211245427,
    0.5334480579132619,
    0.5743885453399795
  ],
  "arena_win_rate": [
    1.0,
    0.0,
    0.5,
    0.5,
    0.5,
    0.75,
    0.75,
    0.5,
    1.0,
    1.0,
    0.5,
    1.0,
    0.5,
    0.5,
    0.5,
    1.0,
    0.75,
    0.5,
    0.5,
    1.0,
    0.5,
    1.0,
    1.0,
    0.5,
    0.5
  ],
  "vs_random_win_rate": [
    0.96,
    0.9,
    0.96,
    0.9,
    0.93,
    0.96,
    0.95,
    0.97,
    0.95,
    0.98,
    0.96,
    1.0,
    1.0,
    1.0,
    0.99,
    0.98,
    1.0,
    1.0,
    0.98,
    1.0,
    0.98,
    0.97,
    1.0,
    1.0,
    1.0
  ],
  "model_accepted": [
    true,
    false,
    false,
    false,
    false,
    true,
    true,
    false,
    true,
    true,
    false,
    true,
    false,
    false,
    false,
    true,
    true,
    false,
    false,
    true,
    false,
    true,
    true,
    false,
    false
  ],
  "buffer_size": [
    25960,
    50000,
    50000,
    50000,
    50000,
    50000,
    50000,
    50000,
    50000,
    50000,
    50000,
    50000,
    50000,
    50000,
    50000,
    50000,
    50000,
    50000,
    50000,
    50000,
    50000,
    50000,
    50000,
    50000,
    50000
  ],
  "self_play_outcomes": [
    [
      45,
      47,
      8
    ],
    [
      41,
      55,
      4
    ],
    [
      41,
      53,
      6
    ],
    [
      37,
      61,
      2
    ],
    [
      49,
      44,
      7
    ],
    [
      43,
      52,
      5
    ],
    [
      47,
      48,
      5
    ],
    [
      43,
      47,
      10
    ],
    [
      47,
      45,
      8
    ],
    [
      50,
      46,
      4
    ],
    [
      42,
      54,
      4
    ],
    [
      42,
      57,
      1
    ],
    [
      40,
      58,
      2
    ],
    [
      35,
      59,
      6
    ],
    [
      39,
      58,
      3
    ],
    [
      39,
      57,
      4
    ],
    [
      40,
      54,
      6
    ],
    [
      38,
      59,
      3
    ],
    [
      35,
      58,
      7
    ],
    [
      40,
      57,
      3
    ],
    [
      42,
      55,
      3
    ],
    [
      37,
      57,
      6
    ],
    [
      37,
      52,
      11
    ],
    [
      45,
      52,
      3
    ],
    [
      39,
      59,
      2
    ]
  ],
  "policy_entropy": [
    0.7796808159351349,
    0.5789379248023033,
    0.582918986082077,
    0.5897257107496262,
    0.5884280651807785,
    0.5842228725552558,
    0.5106810542941094,
    0.4984334760904312,
    0.500035107433796,
    0.46911336839199064,
    0.4561859315633774,
    0.44804342329502106,
    0.4337416312098503,
    0.4348137277364731,
    0.4469241428375244,
    0.436498618721962,
    0.4137601092457771,
    0.3941269636154175,
    0.4022890377044678,
    0.39748912811279297,
    0.437973290681839,
    0.4454777204990387,
    0.42397845059633255,
    0.4183031961321831,
    0.4171064481139183
  ],
  "mean_root_value": [
    0.015389073867027812,
    0.05727735607421373,
    0.060469257728841964,
    0.05990781538945355,
    0.055767642923207364,
    0.06063023448378142,
    0.05950381213362257,
    0.05574126091032806,
    0.05806049110151778,
    0.05401893798024532,
    0.051702503243562646,
    0.0578665546303609,
    0.04803339273081294,
    0.04792230740602308,
    0.04578143304110499,
    0.05032122449946696,
    0.045759091362950324,
    0.04773421099528561,
    0.04370428849265555,
    0.04875988803664983,
    0.04509818989588168,
    0.046417894714975205,
    0.05034517737514005,
    0.05015486666784549,
    0.046133643970149685
  ],
  "mean_search_depth": [
    3.191743140437993,
    5.246621557640651,
    5.245931181905802,
    5.181968593326871,
    5.256936134693369,
    5.247164651222171,
    6.030245821103268,
    6.333956402257872,
    6.204247311314555,
    6.506139139924374,
    6.7248782513738625,
    6.738803911744615,
    6.958293634364792,
    6.978865046165095,
    6.904563694172684,
    6.906821538610557,
    7.138639771255521,
    7.328562197771756,
    7.251324388846448,
    7.211897686713983,
    7.155310343198864,
    6.993042897290881,
    6.947185049190742,
    7.085341808816074,
    7.104488886561468
  ],
  "mean_game_length": [
    32.45,
    32.57,
    32.61,
    32.53,
    32.35,
    32.29,
    32.5,
    32.61,
    32.51,
    32.73,
    32.53,
    32.62,
    32.28,
    32.43,
    32.38,
    32.51,
    32.69,
    32.66,
    32.73,
    32.52,
    32.6,
    32.66,
    32.67,
    32.95,
    32.62
  ]
}