{
  "iteration": [
    1,
    2,
    3,
    4,
    5,
    6,
    7,
    8,
    9,
    10,
    11,
    12,
    13,
    14,
    15,
    16,
    17,
    18,
    19,
    20,
    21,
    22,
    23,
    24,
    25,
    26,
    27,
    28,
    29,
    30,
    31,
    32,
    33,
    34,
    35,
    36,
    37,
    38,
    39,
    40,
    41,
    42,
    43,
    44,
    45,
    46,
    47,
    48,
    49,
    50
  ],
  "total_loss": [
    4.519657004107335,
    3.9215328282479085,
    3.7109494758688886,
    3.6582805790292454,
    3.6392482497041874,
    3.6532390730024322,
    3.637349923985345,
    3.646274581780204,
    3.6613805973011515,
    3.6407319618917793,
    3.5893054581968986,
    3.5195189224789516,
    3.4835122845971678,
    3.445799133875181,
    3.40327180212416,
    3.3864557658924777,
    3.3475483382754314,
    3.343130451242637,
    3.3364734093856323,
    3.324949277788782,
    3.329473860794321,
    3.332188550438113,
    3.327293028794896,
    3.328465945427985,
    3.3177679044816197,
    3.3158267307464424,
    3.321142351871256,
    3.325988314615186,
    3.3211607465963535,
    3.3140415573364024,
    3.2948122093439713,
    3.2862223904151135,
    3.2913162245469936,
    3.297929815989931,
    3.290449262762923,
    3.287346082483716,
    3.2812107857230983,
    3.2892002320960354,
    3.295428855004518,
    3.307240288702728,
    3.3387290746049807,
    3.3603671773620274,
    3.370823772057243,
    3.3999525763494582,
    3.448060527177113,
    3.499698407235353,
    3.564803212652426,
    3.645765256576831,
    3.7443412619783447,
    3.8380107920188125
  ],
  "policy_loss": [
    3.7428031616150195,
    3.551608742728378,
    3.449592785861181,
    3.4136695457012096,
    3.396951040181247,
    3.3959342004745965,
    3.3784086177689687,
    3.375766500695009,
    3.370920987232872,
    3.3431545272202747,
    3.2923541810506447,
    3.2308366645327613,
    3.1972332829099788,
    3.161865149312617,
    3.130036861116014,
    3.10702880916693,
    3.080588499725322,
    3.083393936419426,
    3.0775220240778327,
    3.076230450542382,
    3.0852575862194267,
    3.0875827835039105,
    3.097518450433336,
    3.1075158345424914,
    3.1035907861521785,
    3.103911349840481,
    3.113233134661184,
    3.124607469633107,
    3.12729481205611,
    3.1221112241220594,
    3.108651235280439,
    3.104381868418525,
    3.110585477772881,
    3.1114535525021956,
    3.1001545695087795,
    3.09067975986949,
    3.0799157923749645,
    3.0713647384777705,
    3.0653222500515716,
    3.0622248289835117,
    3.0609280548742057,
    3.061629290806363,
    3.066256178004662,
    3.0687138027547265,
    3.0846794315006423,
    3.109089046792911,
    3.1350785067014377,
    3.167422547486737,
    3.2092834246432993,
    3.2472292893682906
  ],
  "value_loss": [
    0.7768538446942712,
    0.3699240843031668,
    0.2613566911921067,
    0.2446110338876222,
    0.24229720910435373,
    0.25730487266276764,
    0.258941306250436,
    0.2705080801483016,
    0.29045961069233733,
    0.2975774345190629,
    0.2969512773272784,
    0.28868225873126396,
    0.2862790015738105,
    0.2839339842233816,
    0.27323494021926087,
    0.27942695629871106,
    0.2669598391998912,
    0.2597365155816078,
    0.25895138638727655,
    0.24871882631745942,
    0.24421627481975366,
    0.2446057661605613,
    0.2297745786121358,
    0.22095011027477435,
    0.2141771190440106,
    0.21191538053533762,
    0.20790921668414875,
    0.2013808465393646,
    0.19386593396858792,
    0.19193033300140097,
    0.18616097389822803,
    0.1818405217498236,
    0.18073074696609354,
    0.18647626408559206,
    0.1902946940168281,
    0.19666632185725832,
    0.20129499310565652,
    0.21783549434617352,
    0.23010660449657447,
    0.2450154592380728,
    0.2778010196393103,
    0.29873788754319974,
    0.3045675938096269,
    0.3312387737871893,
    0.36338109500953913,
    0.3906093603338274,
    0.42972470691899206,
    0.4783427099628217,
    0.5350578374360376,
    0.5907815024828362
  ],
  "arena_win_rate": [
    1.0,
    1.0,
    1.0,
    1.0,
    1.0,
    1.0,
    1.0,
    1.0,
    1.0,
    1.0,
    1.0,
    1.0,
    1.0,
    1.0,
    1.0,
    1.0,
    1.0,
    1.0,
    1.0,
    1.0,
    1.0,
    1.0,
    1.0,
    1.0,
    1.0,
    1.0,
    1.0,
    1.0,
    1.0,
    1.0,
    1.0,
    1.0,
    1.0,
    1.0,
    1.0,
    1.0,
    1.0,
    1.0,
    1.0,
    1.0,
    1.0,
    1.0,
    1.0,
    1.0,
    1.0,
    1.0,
    1.0,
    1.0,
    1.0,
    1.0
  ],
  "vs_random_win_rate": [
    -1.0,
    -1.0,
    -1.0,
    -1.0,
    -1.0,
    -1.0,
    -1.0,
    -1.0,
    -1.0,
    -1.0,
    -1.0,
    -1.0,
    -1.0,
    -1.0,
    -1.0,
    -1.0,
    -1.0,
    -1.0,
    -1.0,
    -1.0,
    -1.0,
    -1.0,
    -1.0,
    -1.0,
    -1.0,
    -1.0,
    -1.0,
    -1.0,
    -1.0,
    -1.0,
    -1.0,
    -1.0,
    -1.0,
    -1.0,
    -1.0,
    -1.0,
    -1.0,
    -1.0,
    -1.0,
    -1.0,
    -1.0,
    -1.0,
    -1.0,
    -1.0,
    -1.0,
    -1.0,
    -1.0,
    -1.0,
    -1.0,
    -1.0
  ],
  "model_accepted": [
    true,
    true,
    true,
    true,
    true,
    true,
    true,
    true,
    true,
    true,
    true,
    true,
    true,
    true,
    true,
    true,
    true,
    true,
    true,
    true,
    true,
    true,
    true,
    true,
    true,
    true,
    true,
    true,
    true,
    true,
    true,
    true,
    true,
    true,
    true,
    true,
    true,
    true,
    true,
    true,
    true,
    true,
    true,
    true,
    true,
    true,
    true,
    true,
    true,
    true
  ],
  "buffer_size": [
    39968,
    67560,
    94064,
    120200,
    140784,
    162512,
    178968,
    196744,
    200000,
    200000,
    200000,
    200000,
    200000,
    200000,
    200000,
    200000,
    200000,
    200000,
    200000,
    200000,
    200000,
    200000,
    200000,
    200000,
    200000,
    200000,
    200000,
    200000,
    200000,
    200000,
    200000,
    200000,
    200000,
    200000,
    200000,
    200000,
    200000,
    200000,
    200000,
    200000,
    200000,
    200000,
    200000,
    200000,
    200000,
    200000,
    200000,
    200000,
    200000,
    200000
  ],