{
  "iteration": [
    1,
    2,
    3,
    4,
    5,
    6,
    7,
    8,
    9,
    10,
    11,
    12,
    13,
    14,
    15,
    16,
    17,
    18,
    19,
    20,
    21,
    22,
    23,
    24,
    25
  ],
  "total_loss": [
    3.2720102120086056,
    1.6148405684153442,
    1.6470473396427492,
    1.6270039614966458,
    1.4355607950512101,
    1.4306709363675483,
    1.3999144872207472,
    1.3878959316579278,
    1.3938753408582314,
    1.4016618734697246,
    1.379422709050462,
    1.3904336828290653,
    1.3666715202429105,
    1.330211201003369,
    1.3506110849340096,
    1.322067834053884,
    1.324222847352476,
    1.3211766819286224,
    1.3085758967606156,
    1.3436363317320108,
    1.322557796665546,
    1.3144929814273896,
    1.3130397155880928,
    1.2741095142615269,
    1.265830894031793
  ],
  "policy_loss": [
    2.8857040920220984,
    1.431855985796665,
    1.4519192026475507,
    1.425508361986226,
    1.2449281037596942,
    1.2239598661413431,
    1.1859211667095457,
    1.1739140096737448,
    1.1879402438202478,
    1.1952694098300793,
    1.175874624864372,
    1.171953966173217,
    1.1613867063561212,
    1.140296703868586,
    1.133902620718531,
    1.1231572739932392,
    1.124621328837274,
    1.1147058695897727,
    1.085517936824914,
    1.1166930283808036,
    1.119756910119139,
    1.0929910508472749,
    1.0997439687266526,
    1.050254081448783,
    1.0454384153875549
  ],
  "value_loss": [
    0.3863061202489926,
    0.1829845832242771,
    0.1951281366187244,
    0.20149559981714876,
    0.19063269127695642,
    0.20671107017949028,
    0.2139933205033412,
    0.21398192217381184,
    0.20593509597500162,
    0.20639246370318248,
    0.20354808386143708,
    0.2184797176649994,
    0.20528481308432758,
    0.18991449688760148,
    0.2167084644110921,
    0.19891056028323348,
    0.19960151917869498,
    0.20647081313720284,
    0.22305796024234145,
    0.22694330300732046,
    0.20280088579595978,
    0.22150193062866086,
    0.21329574656641215,
    0.22385543355039936,
    0.22039247837252296
  ],
  "arena_win_rate": [
    1.0,
    0.5,
    0.5,
    1.0,
    0.5,
    1.0,
    0.0,
    1.0,
    0.0,
    0.5,
    1.0,
    0.5,
    1.0,
    0.5,
    1.0,
    0.5,
    0.25,
    1.0,
    0.5,
    0.5,
    0.5,
    0.0,
    0.75,
    0.5,
    0.0
  ],
  "vs_random_win_rate": [
    0.88,
    0.82,
    0.92,
    0.96,
    0.86,
    0.92,
    0.95,
    1.0,
    0.96,
    0.98,
    1.0,
    1.0,
    0.95,
    0.98,
    0.96,
    0.98,
    0.96,
    0.98,
    1.0,
    0.98,
    0.96,
    0.98,
    0.99,
    1.0,
    1.0
  ],
  "model_accepted": [
    true,
    false,
    false,
    true,
    false,
    true,
    false,
    true,
    false,
    false,
    true,
    false,
    true,
    false,
    true,
    false,
    false,
    true,
    false,
    false,
    false,
    false,
    true,
    false,
    false
  ],
  "buffer_size": [
    50000,
    50000,
    50000,
    50000,
    50000,
    50000,
    50000,
    50000,
    50000,
    50000,
    50000,
    50000,
    50000,
    50000,
    50000,
    50000,
    50000,
    50000,
    50000,
    50000,
    50000,
    50000,
    50000,
    50000,
    50000
  ],
  "self_play_outcomes": [
    [
      40,
      58,
      2
    ],
    [
      45,
      49,
      6
    ],
    [
      49,
      51,
      0
    ],
    [
      45,
      51,
      4
    ],
    [
      49,
      50,
      1
    ],
    [
      48,
      49,
      3
    ],
    [
      51,
      44,
      5
    ],
    [
      46,
      50,
      4
    ],
    [
      41,
      56,
      3
    ],
    [
      51,
      46,
      3
    ],
    [
      41,
      54,
      5
    ],
    [
      43,
      53,
      4
    ],
    [
      44,
      50,
      6
    ],
    [
      60,
      38,
      2
    ],
    [
      42,
      53,
      5
    ],
    [
      45,
      51,
      4
    ],
    [
      40,
      59,
      1
    ],
    [
      37,
      59,
      4
    ],
    [
      45,
      51,
      4
    ],
    [
      49,
      47,
      4
    ],
    [
      45,
      53,
      2
    ],
    [
      48,
      51,
      1
    ],
    [
      50,
      46,
      4
    ],
    [
      41,
      56,
      3
    ],
    [
      52,
      48,
      0
    ]
  ],
  "policy_entropy": [
    0.2812028397619724,
    0.21068681821227073,
    0.2088245116174221,
    0.21608228042721747,
    0.18849992141127586,
    0.1884714126586914,
    0.18170468464493753,
    0.1818217207491398,
    0.19053192108869552,
    0.19019776195287705,
    0.1884377655386925,
    0.19961772054433824,
    0.2085092595219612,
    0.19583772748708725,
    0.1883942250907421,
    0.18977079465985297,
    0.18617352932691575,
    0.18660107091069222,
    0.1876421746611595,
    0.18971969395875932,
    0.18479371413588525,
    0.19153240859508514,
    0.18887463793158532,
    0.18595118030905725,
    0.18027362167835237
  ],
  "mean_root_value": [
    -0.008982659482319981,
    0.10153633706862385,
    0.10113506372854351,
    0.10433667431041632,
    0.10047071975915225,
    0.09927349645798741,
    0.09772133537111044,
    0.0968647065685944,
    0.09472320462116017,
    0.0928376686297129,
    0.09665916298762223,
    0.08836176529236331,
    0.0888716836305898,
    0.0863064718134518,
    0.08467437459031968,
    0.08205314123166127,
    0.08379540551432049,
    0.0846795013914466,
    0.08408754094756336,
    0.0888428103216751,
    0.08450203192235346,
    0.08536159711001919,
    0.0865429954953075,
    0.08621156302934394,
    0.08084455472200208
  ],
  "mean_search_depth": [
    2.664473095939406,
    5.217285358848319,
    5.1921431108369624,
    5.296679422432828,
    5.949515492264993,
    5.9823771715418435,
    6.106586150852094,
    6.039305000350656,
    6.226557079055417,
    6.17718209251959,
    6.252053494201822,
    6.354521187575312,
    6.348602906472657,
    6.471738651307052,
    6.493568064135993,
    6.555374281386455,
    6.539164146328635,
    6.550635203550337,
    6.601969325055119,
    6.588588419630994,
    6.673364849180846,
    6.619285336890393,
    6.645500948258092,
    6.6422356491907,
    6.599554284044059
  ],
  "mean_game_length": [
    96.2,
    96.4,
    96.33,
    95.74,
    96.4,
    96.45,
    96.36,
    96.44,
    96.38,
    96.38,
    96.36,
    96.49,
    95.82,
    95.78,
    96.54,
    96.33,
    96.43,
    96.55,
    96.44,
    96.47,
    96.43,
    96.41,
    96.45,
    95.63,
    96.47
  ],
  "wall_time": 25369.91380047798
}