{
  "iteration": [
    1,
    2,
    3,
    4,
    5,
    6,
    7,
    8,
    9,
    10,
    11,
    12,
    13,
    14,
    15
  ],
  "total_loss": [
    2.800303417298852,
    2.2928752690553664,
    2.1965110557835277,
    2.1287725398757242,
    2.1338018334027633,
    2.1098728107537337,
    2.113033775804777,
    2.0243760481069155,
    1.9986961887011656,
    1.9862322336565839,
    1.9687959015892262,
    1.9468871323283545,
    1.9257002834471668,
    1.9226667187635118,
    1.9111190179219613
  ],
  "policy_loss": [
    2.0626519985315275,
    1.6841620360314846,
    1.6076257510883052,
    1.5661303232655381,
    1.5597893681341004,
    1.5382720391759988,
    1.5219039316408363,
    1.4490979514223463,
    1.4220571235386101,
    1.4123744877875577,
    1.392376946252689,
    1.377899626500621,
    1.3670231951362766,
    1.3575292146942015,
    1.3494648625262273
  ],
  "value_loss": [
    0.7376514211660479,
    0.6087132328376174,
    0.5888853044286976,
    0.5626422176577828,
    0.5740124651529257,
    0.5716007691042626,
    0.591129843101782,
    0.5752780954797941,
    0.5766390660727346,
    0.5738577454847141,
    0.5764189542450926,
    0.5689875055649476,
    0.5586770900075846,
    0.5651375052808284,
    0.561654154688884
  ],
  "arena_win_rate": [
    1.0,
    0.5,
    0.5,
    0.5,
    0.5,
    0.5,
    0.75,
    0.75,
    0.25,
    0.25,
    0.25,
    0.25,
    0.25,
    0.25,
    0.5
  ],
  "vs_random_win_rate": [
    0.8,
    0.87,
    0.93,
    0.88,
    0.83,
    0.81,
    0.93,
    0.9,
    0.91,
    0.96,
    0.94,
    0.94,
    0.89,
    0.95,
    0.9
  ],
  "model_accepted": [
    true,
    false,
    false,
    false,
    false,
    false,
    true,
    true,
    false,
    false,
    false,
    false,
    false,
    false,
    false
  ],
  "buffer_size": [
    2600,
    5112,
    7840,
    10528,
    13136,
    15776,
    18456,
    21024,
    23680,
    26256,
    29176,
    31904,
    34600,
    37256,
    39904
  ],
  "self_play_outcomes": [
    [
      30,
      17,
      3
    ],
    [
      37,
      10,
      3
    ],
    [
      35,
      9,
      6
    ],
    [
      36,
      8,
      6
    ],
    [
      37,
      12,
      1
    ],
    [
      34,
      10,
      6
    ],
    [
      27,
      17,
      6
    ],
    [
      30,
      17,
      3
    ],
    [
      30,
      18,
      2
    ],
    [
      29,
      18,
      3
    ],
    [
      21,
      19,
      10
    ],
    [
      23,
      17,
      10
    ],
    [
      33,
      11,
      6
    ],
    [
      29,
      18,
      3
    ],
    [
      28,
      17,
      5
    ]
  ],
  "policy_entropy": [
    1.080900375843048,
    0.7977224934101105,
    0.78783975481987,
    0.7928231143951416,
    0.8160653245449067,
    0.7907602369785309,
    0.7908448684215545,
    0.7182378184795379,
    0.7992502880096436,
    0.8333942699432373,
    0.7765047287940979,
    0.7772466218471528,
    0.8029910612106324,
    0.7874046552181244,
    0.7932898068428039
  ],
  "mean_root_value": [
    0.1250376693062366,
    0.23089159481437121,
    0.22307300619596526,
    0.20862878494650794,
    0.22581199410742436,
    0.20813927467663096,
    0.2369144503181623,
    0.21866659799036495,
    0.24037798724863213,
    0.20787499482225744,
    0.21219318622482075,
    0.19152629757411355,
    0.21034940018377427,
    0.24203974243091647,
    0.21263063952168168
  ],
  "mean_search_depth": [
    1.8098015873015874,
    1.7331666666666665,
    1.7440158730158728,
    1.7679444444444445,
    1.7488650793650793,
    1.7470079365079363,
    1.752849206349206,
    1.678015873015873,
    1.9248888888888889,
    1.9379206349206348,
    1.9689603174603176,
    1.9061825396825396,
    1.9125317460317461,
    1.940531746031746,
    1.9016507936507938
  ],
  "mean_game_length": [
    6.5,
    6.28,
    6.82,
    6.72,
    6.52,
    6.6,
    6.7,
    6.42,
    6.64,
    6.44,
    7.3,
    6.82,
    6.74,
    6.64,
    6.62
  ]
}