{
  "iteration": [
    1,
    2
  ],
  "total_loss": [
    3.572299559051926,
    2.9932859818648803
  ],
  "policy_loss": [
    2.8476946335166913,
    2.384856334092367
  ],
  "value_loss": [
    0.7246049241732614,
    0.6084296477115367
  ],
  "arena_win_rate": [
    1.0,
    1.0
  ],
  "vs_random_win_rate": [
    0.89,
    0.88
  ],
  "model_accepted": [
    true,
    true
  ],
  "buffer_size": [
    25992,
    50000
  ],
  "self_play_outcomes": [
    [
      41,
      56,
      3
    ],
    [
      39,
      54,
      7
    ]
  ],
  "policy_entropy": [
    0.75401600420475,
    0.5197030618786812
  ],
  "mean_root_value": [
    0.015855772236146832,
    0.06530113550914109
  ],
  "mean_search_depth": [
    3.233063132511069,
    5.569630805034625
  ],
  "mean_game_length": [
    32.49,
    32.55
  ]
}