{
  "iteration": [
    1,
    2,
    3,
    4,
    5,
    6,
    7,
    8,
    9,
    10,
    11,
    12,
    13,
    14,
    15
  ],
  "total_loss": [
    2.639663177881485,
    2.128939982456497,
    1.876417278070919,
    1.8711150360394673,
    1.8075961513382397,
    1.7901263241291046,
    1.7686676230512817,
    1.7561383605003358,
    1.7503986171902495,
    1.7292936692351386,
    1.7074384206572053,
    1.6961324124109178,
    1.6908660777308169,
    1.6879110963774375,
    1.6803413642546798
  ],
  "policy_loss": [
    2.1222640010026783,
    1.6553104227102255,
    1.460933927141252,
    1.412832821995379,
    1.382381868191313,
    1.3635158759117127,
    1.355490556667591,
    1.3389976220573494,
    1.3307975744630427,
    1.3195399852026077,
    1.3113953158999623,
    1.3064274682057282,
    1.3034102566717312,
    1.2992945875440325,
    1.293614111350307
  ],
  "value_loss": [
    0.5173991750830259,
    0.47362955699238596,
    0.4154833504655322,
    0.4582822162972157,
    0.42521428318257537,
    0.4266104488134384,
    0.41317706577736757,
    0.4171407375328555,
    0.41960104208915155,
    0.4097536841247763,
    0.3960431043742542,
    0.3897049442968435,
    0.38745582076760055,
    0.38861650906401835,
    0.3867272520272792
  ],
  "arena_win_rate": [
    1.0,
    0.75,
    0.25,
    0.25,
    0.25,
    0.25,
    0.25,
    0.25,
    0.25,
    0.25,
    0.25,
    0.25,
    0.25,
    0.25,
    0.5
  ],
  "vs_random_win_rate": [
    0.94,
    0.92,
    0.98,
    0.95,
    0.95,
    0.93,
    0.95,
    0.97,
    0.95,
    0.96,
    0.95,
    0.96,
    0.94,
    0.95,
    0.95
  ],
  "model_accepted": [
    true,
    true,
    false,
    false,
    false,
    false,
    false,
    false,
    false,
    false,
    false,
    false,
    false,
    false,
    false
  ],
  "buffer_size": [
    2456,
    5056,
    7768,
    10600,
    13368,
    15968,
    18520,
    21328,
    24040,
    26880,
    29592,
    32256,
    34960,
    37592,
    40408
  ],
  "self_play_outcomes": [
    [
      35,
      9,
      6
    ],
    [
      33,
      11,
      6
    ],
    [
      35,
      5,
      10
    ],
    [
      29,
      10,
      11
    ],
    [
      33,
      4,
      13
    ],
    [
      34,
      7,
      9
    ],
    [
      35,
      5,
      10
    ],
    [
      28,
      9,
      13
    ],
    [
      35,
      7,
      8
    ],
    [
      31,
      5,
      14
    ],
    [
      32,
      3,
      15
    ],
    [
      31,
      7,
      12
    ],
    [
      34,
      6,
      10
    ],
    [
      37,
      5,
      8
    ],
    [
      31,
      6,
      13
    ]
  ],
  "policy_entropy": [
    1.5168576622009278,
    0.8610840892791748,
    0.8174122273921967,
    0.8215979385375977,
    0.810701174736023,
    0.8475553858280181,
    0.8524394464492798,
    0.8236583018302918,
    0.834733989238739,
    0.8290659189224243,
    0.8188149333000183,
    0.8282313680648804,
    0.8435472011566162,
    0.8352641236782073,
    0.8090257966518402
  ],
  "mean_root_value": [
    0.13951370109689654,
    0.24339386360110532,
    0.24254321343335042,
    0.22068328791011044,
    0.21524588253276755,
    0.25925838530771955,
    0.24162616406205814,
    0.21980139314419744,
    0.24029707663303707,
    0.22211979643739596,
    0.23503902395145557,
    0.24028598744691002,
    0.2483432244347817,
    0.26456987137232413,
    0.2291189964745644
  ],
  "mean_search_depth": [
    1.9103571428571429,
    2.593801587301587,
    2.615134920634921,
    2.624150793650794,
    2.6315238095238094,
    2.545380952380953,
    2.552031746031746,
    2.6326111111111112,
    2.589039682539683,
    2.583412698412699,
    2.6275555555555554,
    2.571142857142857,
    2.5798253968253966,
    2.613238095238095,
    2.612992063492064
  ],
  "mean_game_length": [
    6.14,
    6.5,
    6.78,
    7.08,
    6.92,
    6.5,
    6.38,
    7.02,
    6.78,
    7.1,
    6.78,
    6.66,
    6.76,
    6.58,
    7.04
  ],
  "wall_time": 47.46427583694458,
  "num_simulations": 10
}