{
  "iteration": [
    1,
    2,
    3,
    4,
    5,
    6,
    7,
    8,
    9,
    10,
    11,
    12,
    13,
    14,
    15
  ],
  "total_loss": [
    2.5088921007655918,
    1.8816197536457544,
    1.816801543235779,
    1.79415535900619,
    1.7774595140890264,
    1.7828060229473255,
    1.7601822278716348,
    1.7564231602045206,
    1.7596350299961427,
    1.7537810155473617,
    1.6784988405461796,
    1.6509433749160698,
    1.624895921698382,
    1.6078702282979394,
    1.5885895109862733
  ],
  "policy_loss": [
    2.027489972398395,
    1.4947543337427336,
    1.4271978639673304,
    1.3957643943828542,
    1.3696151363797584,
    1.3636666061685365,
    1.345686097578569,
    1.3373805000886811,
    1.3345798795714099,
    1.3268253640981498,
    1.284683405210872,
    1.267261585381513,
    1.2525845559843407,
    1.2400395744171675,
    1.228348518910168
  ],
  "value_loss": [
    0.48140212907677604,
    0.3868654192692932,
    0.3896036780101282,
    0.3983909630677202,
    0.40784437679827995,
    0.41913941577076913,
    0.4144961305359688,
    0.4190426607749292,
    0.4250551520682433,
    0.4269556523091467,
    0.39381543561786475,
    0.38368178947212916,
    0.37231136612768556,
    0.36783065403762616,
    0.36024099276863414
  ],
  "arena_win_rate": [
    0.75,
    0.5,
    0.5,
    0.5,
    0.5,
    0.5,
    0.5,
    0.5,
    0.5,
    0.75,
    0.5,
    0.5,
    0.5,
    0.5,
    0.5
  ],
  "vs_random_win_rate": [
    0.96,
    0.97,
    0.95,
    0.99,
    0.95,
    0.91,
    0.94,
    0.98,
    0.98,
    0.97,
    0.97,
    0.95,
    0.97,
    0.96,
    0.95
  ],
  "model_accepted": [
    true,
    false,
    false,
    false,
    false,
    false,
    false,
    false,
    false,
    true,
    false,
    false,
    false,
    false,
    false
  ],
  "buffer_size": [
    2632,
    5568,
    8624,
    11600,
    14600,
    17360,
    20376,
    23288,
    26056,
    29032,
    32024,
    35136,
    38272,
    41336,
    44432
  ],
  "self_play_outcomes": [
    [
      36,
      7,
      7
    ],
    [
      28,
      7,
      15
    ],
    [
      21,
      8,
      21
    ],
    [
      24,
      8,
      18
    ],
    [
      27,
      7,
      16
    ],
    [
      27,
      11,
      12
    ],
    [
      24,
      7,
      19
    ],
    [
      21,
      12,
      17
    ],
    [
      30,
      10,
      10
    ],
    [
      22,
      12,
      16
    ],
    [
      28,
      4,
      18
    ],
    [
      15,
      9,
      26
    ],
    [
      15,
      6,
      29
    ],
    [
      19,
      7,
      24
    ],
    [
      17,
      7,
      26
    ]
  ],
  "policy_entropy": [
    1.3735048365592957,
    0.9193198251724243,
    0.8730527997016907,
    0.9077574336528778,
    0.8798964905738831,
    0.9119305217266083,
    0.8765052103996277,
    0.884119244813919,
    0.9157324624061585,
    0.8873863053321839,
    0.9043129587173462,
    0.8684538054466248,
    0.888717440366745,
    0.8938300549983978,
    0.8866173589229583
  ],
  "mean_root_value": [
    0.18724742651267312,
    0.18559274541268866,
    0.1898898806770317,
    0.17765226204601167,
    0.19429332280510578,
    0.20787183073700669,
    0.19043148623338926,
    0.20468395661602304,
    0.21804839712253465,
    0.1896122057621848,
    0.1645195841163195,
    0.1516725076935825,
    0.1476166598919115,
    0.15781363961654657,
    0.1591650894635641
  ],
  "mean_search_depth": [
    2.3773015873015875,
    3.709230158730159,
    3.645420634920635,
    3.5447460317460315,
    3.679992063492063,
    3.7265873015873012,
    3.5888095238095237,
    3.668626984126985,
    3.7095158730158726,
    3.585761904761905,
    3.8269206349206346,
    3.8397698412698404,
    3.857412698412698,
    3.847579365079365,
    3.8698253968253966
  ],
  "mean_game_length": [
    6.58,
    7.34,
    7.64,
    7.44,
    7.5,
    6.9,
    7.54,
    7.28,
    6.92,
    7.44,
    7.48,
    7.78,
    7.84,
    7.66,
    7.74
  ],
  "wall_time": 59.64553689956665,
  "num_simulations": 25
}