{
  "iteration": [
    1,
    2,
    3,
    4,
    5,
    6,
    7,
    8,
    9,
    10,
    11,
    12,
    13,
    14,
    15
  ],
  "total_loss": [
    2.6111022464064666,
    1.8572361511342665,
    1.7026820944465755,
    1.5261077312783822,
    1.4517607108751933,
    1.4126274669345045,
    1.3749786452762782,
    1.344792319956373,
    1.3164104045014693,
    1.2913572728375853,
    1.2844622355711295,
    1.274330715244976,
    1.2602082889508488,
    1.2456215115425027,
    1.2395988350377667
  ],
  "policy_loss": [
    1.925905120650003,
    1.455678439280566,
    1.3641828090179968,
    1.2413751387729326,
    1.1874695873790317,
    1.1464517897738642,
    1.1250095822289585,
    1.1076156668975705,
    1.0855370321227622,
    1.067664843862191,
    1.0620984894519256,
    1.0550485610530778,
    1.045280710591651,
    1.0371553313217046,
    1.0317414811703798
  ],
  "value_loss": [
    0.6851971261723097,
    0.4015577110823463,
    0.33849928512145544,
    0.2847325941204359,
    0.26429112292991747,
    0.26617567649199847,
    0.2499690640042536,
    0.2371766538466098,
    0.2308733729307357,
    0.22369242873833034,
    0.2223637460060491,
    0.21928215492887265,
    0.2149275787472229,
    0.2084661806255211,
    0.20785735377840858
  ],
  "arena_win_rate": [
    0.75,
    0.5,
    0.75,
    0.5,
    0.5,
    0.5,
    0.5,
    0.5,
    0.5,
    0.5,
    0.5,
    0.5,
    0.5,
    0.5,
    0.5
  ],
  "vs_random_win_rate": [
    0.96,
    0.97,
    0.97,
    0.97,
    0.99,
    0.99,
    0.94,
    0.97,
    0.99,
    0.99,
    0.98,
    0.94,
    0.97,
    0.97,
    0.99
  ],
  "model_accepted": [
    true,
    false,
    true,
    false,
    false,
    false,
    false,
    false,
    false,
    false,
    false,
    false,
    false,
    false,
    false
  ],
  "buffer_size": [
    2712,
    5424,
    8368,
    11408,
    14400,
    17472,
    20424,
    23376,
    26408,
    29544,
    32432,
    35344,
    38408,
    41456,
    44448
  ],
  "self_play_outcomes": [
    [
      28,
      17,
      5
    ],
    [
      35,
      3,
      12
    ],
    [
      31,
      2,
      17
    ],
    [
      25,
      2,
      23
    ],
    [
      25,
      2,
      23
    ],
    [
      23,
      4,
      23
    ],
    [
      28,
      1,
      21
    ],
    [
      28,
      1,
      21
    ],
    [
      23,
      3,
      24
    ],
    [
      21,
      2,
      27
    ],
    [
      33,
      3,
      14
    ],
    [
      30,
      2,
      18
    ],
    [
      24,
      1,
      25
    ],
    [
      25,
      1,
      24
    ],
    [
      26,
      4,
      20
    ]
  ],
  "policy_entropy": [
    1.4201791048049928,
    0.99419473528862,
    0.971551103591919,
    0.8304223036766052,
    0.8141066992282867,
    0.8064626634120942,
    0.8379052376747131,
    0.8352548730373383,
    0.8022638231515884,
    0.8062469851970673,
    0.8486591494083404,
    0.8343451941013336,
    0.823552074432373,
    0.8235943973064422,
    0.8456074321269988
  ],
  "mean_root_value": [
    0.16346012665714366,
    0.19998945709464538,
    0.16853199703923002,
    0.13000482042417244,
    0.14335733750896806,
    0.1368280935499951,
    0.1379733390074776,
    0.13250477483681306,
    0.1307015368424552,
    0.12349067060549614,
    0.15185855091548286,
    0.14523720623018885,
    0.1251993111002133,
    0.12299183429078582,
    0.1344196687503206
  ],
  "mean_search_depth": [
    2.9394523809523805,
    4.345952380952381,
    4.356111111111111,
    4.274349206349207,
    4.341333333333334,
    4.336865079365079,
    4.236190476190476,
    4.211714285714285,
    4.246730158730158,
    4.354960317460318,
    4.198222222222222,
    4.254388888888888,
    4.313492063492064,
    4.2617698412698415,
    4.268595238095238
  ],
  "mean_game_length": [
    6.78,
    6.78,
    7.36,
    7.6,
    7.48,
    7.68,
    7.38,
    7.38,
    7.58,
    7.84,
    7.22,
    7.28,
    7.66,
    7.62,
    7.48
  ],
  "wall_time": 70.81104922294617,
  "num_simulations": 50
}