{
  "iteration": [
    1,
    2,
    3,
    4,
    5,
    6,
    7,
    8,
    9,
    10,
    11,
    12
  ],
  "total_loss": [
    2.2493347963654853,
    1.5975999568049846,
    1.466614940117595,
    1.3825005004591975,
    1.3506536051327753,
    1.3215606342151338,
    1.3246406415572105,
    1.3130031543847442,
    1.2960300988311002,
    1.304770488002801,
    1.2908217095440477,
    1.2857947812956174
  ],
  "policy_loss": [
    1.8483018694153752,
    1.3077338088009702,
    1.214696122621078,
    1.1699300513411244,
    1.1593497716366898,
    1.1439746969945628,
    1.1534928100088895,
    1.1478697322148714,
    1.1378652641793343,
    1.1510217083802325,
    1.1385543668232754,
    1.1327045181976587
  ],
  "value_loss": [
    0.4010329260053576,
    0.2898661478892456,
    0.2519188172319572,
    0.21257044945175058,
    0.19130383418970417,
    0.17758593813803164,
    0.1711478318500405,
    0.165133422261513,
    0.15816483418246483,
    0.15374877989637492,
    0.1522673427564143,
    0.15309026316359653
  ],
  "arena_win_rate": [
    1.0,
    1.0,
    1.0,
    1.0,
    1.0,
    1.0,
    1.0,
    1.0,
    1.0,
    1.0,
    1.0,
    1.0
  ],
  "vs_random_win_rate": [
    0.96,
    1.0,
    0.94,
    0.96,
    0.94,
    0.96,
    0.98,
    0.94,
    0.98,
    0.98,
    0.88,
    0.98
  ],
  "model_accepted": [
    true,
    true,
    true,
    true,
    true,
    true,
    true,
    true,
    true,
    true,
    true,
    true
  ],
  "buffer_size": [
    10616,
    19400,
    28088,
    36048,
    44024,
    51896,
    60392,
    68416,
    75808,
    84056,
    91880,
    99128
  ],
  "self_play_outcomes": [
    [
      41,
      59,
      0
    ],
    [
      26,
      74,
      0
    ],
    [
      29,
      71,
      0
    ],
    [
      18,
      82,
      0
    ],
    [
      32,
      68,
      0
    ],
    [
      31,
      69,
      0
    ],
    [
      28,
      72,
      0
    ],
    [
      32,
      68,
      0
    ],
    [
      24,
      76,
      0
    ],
    [
      23,
      77,
      0
    ],
    [
      22,
      78,
      0
    ],
    [
      32,
      68,
      0
    ]
  ],
  "policy_entropy": [
    0.516492859646678,
    0.5666610115766525,
    0.5856347364187241,
    0.53202332675457,
    0.5673675414919853,
    0.5455718395859003,
    0.5619603539630771,
    0.5415362733602523,
    0.4919530789554119,
    0.5306146368384361,
    0.5421744115650654,
    0.6030616089701653
  ],
  "mean_root_value": [
    0.13869707548063873,
    0.13144107537937041,
    0.16763405459859043,
    0.19938632383886998,
    0.19663681362210333,
    0.17881256386725275,
    0.12805667357704106,
    0.19017233694945218,
    0.23055342576829818,
    0.2169734841858662,
    0.17243165510508862,
    0.20795626799325664
  ],
  "mean_search_depth": [
    5.348705352575439,
    6.688895593742343,
    7.1888295836430505,
    6.861548689614478,
    6.881132006882008,
    6.788950262156144,
    7.1409829161673795,
    6.6156992720471814,
    6.173437066201772,
    6.9922505760493365,
    6.649269259120652,
    6.915190675337733
  ],
  "mean_game_length": [
    101.58,
    86.35,
    86.88,
    80.75,
    81.19,
    83.28,
    81.15,
    76.29,
    71.65,
    80.42,
    75.58,
    78.13
  ]
}