{
  "iteration": [
    1,
    2,
    3,
    4,
    5,
    6,
    7,
    8,
    9,
    10,
    11,
    12,
    13,
    14,
    15
  ],
  "total_loss": [
    2.616595715555278,
    2.202715748079707,
    2.124574260873006,
    2.102786768560356,
    2.0903927466640733,
    2.082749889649366,
    2.0812647654489895,
    2.088751603798433,
    2.0857594114060354,
    2.073887729400383,
    2.061407189052629,
    2.0188812135746983,
    1.993799296648606,
    1.9760817963085817,
    1.9691457968985964
  ],
  "policy_loss": [
    1.9931548622521487,
    1.597528002771099,
    1.5604734953184773,
    1.5460252239205743,
    1.5458469090940745,
    1.537064867327875,
    1.5334782259860333,
    1.5284915065562183,
    1.5244753440522185,
    1.5226658806170852,
    1.5227354101867596,
    1.5057630913727211,
    1.4948315046559209,
    1.4826775828295689,
    1.4781232857954003
  ],
  "value_loss": [
    0.6234408527612686,
    0.6051877449402648,
    0.5641007627311506,
    0.5567615444545692,
    0.544545838876402,
    0.5456850234093321,
    0.5477865386475181,
    0.560260096700354,
    0.56128406599164,
    0.5512218478668252,
    0.5386717797438634,
    0.5131181211239009,
    0.4989677919201229,
    0.4934042126323017,
    0.4910225108221263
  ],
  "arena_win_rate": [
    1.0,
    0.75,
    0.5,
    0.5,
    0.5,
    0.5,
    0.5,
    0.5,
    0.5,
    0.5,
    0.75,
    0.5,
    0.5,
    0.5,
    0.25
  ],
  "vs_random_win_rate": [
    0.94,
    0.98,
    0.95,
    0.97,
    0.94,
    0.97,
    0.96,
    0.93,
    0.99,
    0.97,
    0.97,
    0.99,
    0.98,
    0.98,
    0.97
  ],
  "model_accepted": [
    true,
    true,
    false,
    false,
    false,
    false,
    false,
    false,
    false,
    false,
    true,
    false,
    false,
    false,
    false
  ],
  "buffer_size": [
    2808,
    5688,
    8480,
    11320,
    14000,
    16808,
    19624,
    22472,
    25336,
    28088,
    30840,
    33744,
    36800,
    39872,
    42712
  ],
  "self_play_outcomes": [
    [
      29,
      13,
      8
    ],
    [
      23,
      16,
      11
    ],
    [
      26,
      15,
      9
    ],
    [
      28,
      11,
      11
    ],
    [
      35,
      9,
      6
    ],
    [
      33,
      11,
      6
    ],
    [
      29,
      14,
      7
    ],
    [
      23,
      18,
      9
    ],
    [
      31,
      10,
      9
    ],
    [
      26,
      12,
      12
    ],
    [
      29,
      10,
      11
    ],
    [
      27,
      9,
      14
    ],
    [
      22,
      8,
      20
    ],
    [
      18,
      10,
      22
    ],
    [
      32,
      9,
      9
    ]
  ],
  "policy_entropy": [
    1.5794770812988281,
    1.4435348391532898,
    1.4446770119667054,
    1.432717146873474,
    1.4811969256401063,
    1.4310759496688843,
    1.4538524293899535,
    1.4372354698181153,
    1.4367435097694397,
    1.4560426115989684,
    1.4607539701461791,
    1.3338316869735718,
    1.3159199845790863,
    1.2836115264892578,
    1.3619645023345948
  ],
  "mean_root_value": [
    0.19407372412112905,
    0.24473089036823123,
    0.2229692473332828,
    0.22395027478124074,
    0.2421584039786713,
    0.2512791700451128,
    0.22731293152411716,
    0.213538018946086,
    0.2353922021390993,
    0.22717958489481707,
    0.2237404496453529,
    0.2495880793405998,
    0.22018152524782753,
    0.2345959835127423,
    0.238699252302289
  ],
  "mean_search_depth": [
    2.3413095238095236,
    2.76184126984127,
    2.9584841269841267,
    2.94979365079365,
    3.01865873015873,
    3.0053095238095238,
    3.020087301587301,
    3.0254682539682536,
    2.956674603174603,
    2.984634920634921,
    2.9874126984126987,
    3.3195158730158734,
    3.2228809523809527,
    3.2939920634920634,
    3.2315396825396823
  ],
  "mean_game_length": [
    7.02,
    7.2,
    6.98,
    7.1,
    6.7,
    7.02,
    7.04,
    7.12,
    7.16,
    6.88,
    6.88,
    7.26,
    7.64,
    7.68,
    7.1
  ]
}