{
  "iteration": [
    1,
    2,
    3,
    4,
    5,
    6,
    7,
    8,
    9,
    10,
    11,
    12,
    13,
    14,
    15
  ],
  "total_loss": [
    2.4947942174397983,
    2.337447952756695,
    2.3867928721110028,
    2.3950142203569413,
    2.4018472366862826,
    2.3996698768515334,
    2.4180108424595423,
    2.1552293908419866,
    2.1823891315021013,
    2.2067884261719883,
    2.222093395799293,
    2.231432146801577,
    2.0440881425911956,
    2.077550557938368,
    1.9531331182148688
  ],
  "policy_loss": [
    1.9373516646715312,
    1.9111206370241502,
    1.8786887273788453,
    1.8562290157079697,
    1.8416986277179113,
    1.8207063997262403,
    1.8117557809693472,
    1.677604825038628,
    1.6814555408138978,
    1.6849808015860617,
    1.684696716512471,
    1.6819598355850616,
    1.5824990336243454,
    1.5892344698892624,
    1.5062475068450907
  ],
  "value_loss": [
    0.5574425557484993,
    0.4263273098948868,
    0.5081041389306387,
    0.5387852078825235,
    0.5601486105530981,
    0.5789634778703514,
    0.6062550613965307,
    0.47762456778528656,
    0.5009335906163119,
    0.5218076225777623,
    0.5373966797765068,
    0.5494723109988036,
    0.46158911011240505,
    0.4883160885028,
    0.4468856108328692
  ],
  "arena_win_rate": [
    1.0,
    0.0,
    0.5,
    0.5,
    0.5,
    0.5,
    1.0,
    0.5,
    0.5,
    0.5,
    0.0,
    1.0,
    0.5,
    1.0,
    0.0
  ],
  "vs_random_win_rate": [
    0.86,
    0.72,
    0.82,
    0.84,
    0.82,
    0.76,
    0.86,
    0.84,
    0.94,
    0.88,
    0.92,
    0.84,
    0.78,
    0.9,
    0.94
  ],
  "model_accepted": [
    true,
    false,
    false,
    false,
    false,
    false,
    true,
    false,
    false,
    false,
    false,
    true,
    false,
    true,
    false
  ],
  "buffer_size": [
    1622,
    3206,
    4748,
    6394,
    8044,
    9694,
    11196,
    12938,
    14570,
    16350,
    18060,
    19698,
    21278,
    22872,
    24498
  ],
  "self_play_outcomes": [
    [
      23,
      27,
      0
    ],
    [
      24,
      26,
      0
    ],
    [
      31,
      19,
      0
    ],
    [
      39,
      11,
      0
    ],
    [
      25,
      25,
      0
    ],
    [
      31,
      19,
      0
    ],
    [
      27,
      23,
      0
    ],
    [
      31,
      19,
      0
    ],
    [
      26,
      24,
      0
    ],
    [
      30,
      20,
      0
    ],
    [
      33,
      17,
      0
    ],
    [
      31,
      19,
      0
    ],
    [
      36,
      14,
      0
    ],
    [
      35,
      15,
      0
    ],
    [
      29,
      20,
      1
    ]
  ],
  "policy_entropy": [
    1.5866849541664123,
    0.9754224014282227,
    0.9834377050399781,
    0.9625826442241668,
    0.955560313463211,
    0.9525988388061524,
    0.9641655957698823,
    0.9599261438846588,
    1.0267455303668975,
    0.9700770699977874,
    1.0061692142486571,
    1.0031809556484221,
    1.0268261003494263,
    1.0097008347511292,
    0.9506722295284271
  ],
  "mean_root_value": [
    0.09130596952062361,
    0.27878945051854304,
    0.2708449304859244,
    0.26367712682458977,
    0.2732976643065219,
    0.2712885669872621,
    0.28529002198538367,
    0.21657225448098,
    0.2134127580666206,
    0.182892928636732,
    0.193822495217157,
    0.19784031647402364,
    0.2304531931099504,
    0.21406942556390668,
    0.23214889758970642
  ],
  "mean_search_depth": [
    1.9599646326051967,
    2.426042628779067,
    2.419007077038197,
    2.4634038549108404,
    2.4359459493475075,
    2.4680030891436617,
    2.412420103288524,
    2.540795355416384,
    2.4798068753131077,
    2.5089278197676355,
    2.500920373095464,
    2.4778803075090057,
    2.4100129804739354,
    2.4673220491706274,
    2.5531282121867145
  ],
  "mean_game_length": [
    16.22,
    15.84,
    15.42,
    16.46,
    16.5,
    16.5,
    15.02,
    17.42,
    16.32,
    17.8,
    17.1,
    16.38,
    15.8,
    15.94,
    16.26
  ],
  "wall_time": 49.74679207801819,
  "num_simulations": 10
}