{
  "iteration": [
    1,
    2,
    3,
    4,
    5,
    6,
    7,
    8,
    9,
    10,
    11,
    12,
    13,
    14,
    15
  ],
  "total_loss": [
    2.3461841421968797,
    2.37787018238552,
    2.3797952737306294,
    2.166096035378878,
    1.9868272062088992,
    1.868651632889689,
    1.7676491911070686,
    1.6941606444760788,
    1.621019731500492,
    1.555180878154302,
    1.5482516044836778,
    1.6099732160568236,
    1.649458668618926,
    1.5669061186244186,
    1.6262695235807794
  ],
  "policy_loss": [
    1.930739436079474,
    1.9377041372041854,
    1.938203036283192,
    1.8841672889521865,
    1.7257532806815328,
    1.576757657594521,
    1.4565294556958335,
    1.3769762919461432,
    1.3133073337623553,
    1.2662669332754815,
    1.2562939931796147,
    1.290120483566536,
    1.3149405145988415,
    1.2610980529084945,
    1.2959868155133913
  ],
  "value_loss": [
    0.41544470852788756,
    0.44016604338373455,
    0.44159223966692623,
    0.2819287443747286,
    0.2610739241480022,
    0.29189397466743583,
    0.3111197350387062,
    0.31718435130459216,
    0.30771239698757985,
    0.2889139448750322,
    0.2919576116238649,
    0.3198527319210299,
    0.33451815390305994,
    0.30580806517340603,
    0.33028270721301
  ],
  "arena_win_rate": [
    0.25,
    0.0,
    1.0,
    0.75,
    1.0,
    1.0,
    1.0,
    1.0,
    0.75,
    0.75,
    0.0,
    0.5,
    1.0,
    0.5,
    0.25
  ],
  "vs_random_win_rate": [
    1.0,
    1.0,
    1.0,
    0.98,
    0.99,
    1.0,
    1.0,
    0.98,
    0.98,
    0.98,
    1.0,
    1.0,
    0.98,
    0.98,
    1.0
  ],
  "model_accepted": [
    false,
    false,
    true,
    true,
    true,
    true,
    true,
    true,
    true,
    true,
    false,
    false,
    true,
    false,
    false
  ],
  "buffer_size": [
    2136,
    4016,
    6056,
    7792,
    9462,
    11398,
    13390,
    15456,
    17336,
    18878,
    20784,
    22744,
    24436,
    26360,
    28338
  ],
  "self_play_outcomes": [
    [
      30,
      16,
      4
    ],
    [
      30,
      18,
      2
    ],
    [
      32,
      17,
      1
    ],
    [
      28,
      18,
      4
    ],
    [
      37,
      11,
      2
    ],
    [
      32,
      17,
      1
    ],
    [
      30,
      18,
      2
    ],
    [
      31,
      18,
      1
    ],
    [
      40,
      9,
      1
    ],
    [
      41,
      8,
      1
    ],
    [
      41,
      8,
      1
    ],
    [
      38,
      11,
      1
    ],
    [
      40,
      10,
      0
    ],
    [
      38,
      11,
      1
    ],
    [
      37,
      13,
      0
    ]
  ],
  "policy_entropy": [
    1.3127867436408998,
    1.3978772258758545,
    1.34741467833519,
    0.9944575148820877,
    0.9969560086727143,
    0.8313988274335862,
    0.7929532843828201,
    0.7033980405330658,
    0.7800114184617997,
    0.8498607057332993,
    0.7684084355831147,
    0.7198380470275879,
    0.8006552505493164,
    0.770648466348648,
    0.7652303165197373
  ],
  "mean_root_value": [
    0.055184121526016885,
    0.06489575787327538,
    0.04915047600197403,
    0.13280832708524226,
    0.14129398815544938,
    0.14072733072881913,
    0.1317072442643136,
    0.1271191123524637,
    0.12053735996521092,
    0.12530433536933056,
    0.12134851759116487,
    0.11890667436633948,
    0.1199699605510356,
    0.1126838143316804,
    0.11226875598953356
  ],
  "mean_search_depth": [
    3.1307771008297784,
    3.055055600556343,
    3.071523513967542,
    5.636957400081027,
    5.596000273942308,
    6.356167552259293,
    6.956083693791244,
    7.223924544298176,
    6.98689940235723,
    6.884181821436656,
    7.390465549528933,
    7.39369672476845,
    7.175464963204563,
    6.992304097771936,
    7.290537721026409
  ],
  "mean_game_length": [
    21.36,
    18.8,
    20.4,
    17.36,
    16.7,
    19.36,
    19.92,
    20.66,
    18.8,
    15.42,
    19.06,
    19.6,
    16.92,
    19.24,
    19.78
  ],
  "wall_time": 287.5611300468445,
  "num_simulations": 100
}