{
  "iteration": [
    1,
    2,
    3,
    4,
    5,
    6,
    7,
    8,
    9,
    10,
    11,
    12,
    13,
    14,
    15
  ],
  "total_loss": [
    2.4073965299129485,
    2.4166472690446037,
    2.1082489956630748,
    1.9098371015376403,
    1.9804072840793712,
    1.827341162272862,
    1.7539415217272125,
    1.8079107641150511,
    1.859812440780493,
    1.8851494970403868,
    1.9183488608513823,
    1.9477343175634108,
    1.9582147227289777,
    1.9713516145224732,
    1.9897818652950987
  ],
  "policy_loss": [
    1.9322978715101877,
    1.9255888887814112,
    1.7741272168213063,
    1.5918741924422128,
    1.5870600118830398,
    1.4672598054749626,
    1.3929156416713602,
    1.41100046982581,
    1.4279965067826785,
    1.4341915114994708,
    1.4416707213818105,
    1.450011382866176,
    1.45152011141181,
    1.4531734183790603,
    1.4574614222898505
  ],
  "value_loss": [
    0.4750986706962188,
    0.49105838090181353,
    0.3341217776865102,
    0.3179629077271975,
    0.39334726957856,
    0.360081358560494,
    0.36102588052428003,
    0.39691029505988046,
    0.43181593430730014,
    0.45095798641957086,
    0.476678139280424,
    0.4977229352080113,
    0.5066946112628405,
    0.5181781960534301,
    0.5323204436168378
  ],
  "arena_win_rate": [
    0.5,
    1.0,
    1.0,
    0.5,
    1.0,
    1.0,
    0.5,
    0.0,
    0.5,
    0.0,
    0.5,
    0.5,
    0.5,
    0.0,
    0.5
  ],
  "vs_random_win_rate": [
    0.78,
    0.82,
    0.82,
    0.78,
    0.8,
    0.8,
    0.82,
    0.84,
    0.84,
    0.84,
    0.9,
    0.72,
    0.9,
    0.86,
    0.8
  ],
  "model_accepted": [
    false,
    true,
    true,
    false,
    true,
    true,
    false,
    false,
    false,
    false,
    false,
    false,
    false,
    false,
    false
  ],
  "buffer_size": [
    1876,
    3570,
    5658,
    7556,
    9434,
    11186,
    12918,
    14912,
    16620,
    18552,
    20650,
    22544,
    24570,
    26452,
    28194
  ],
  "self_play_outcomes": [
    [
      26,
      24,
      0
    ],
    [
      31,
      19,
      0
    ],
    [
      32,
      18,
      0
    ],
    [
      31,
      19,
      0
    ],
    [
      31,
      19,
      0
    ],
    [
      28,
      21,
      1
    ],
    [
      26,
      24,
      0
    ],
    [
      27,
      22,
      1
    ],
    [
      32,
      18,
      0
    ],
    [
      26,
      24,
      0
    ],
    [
      33,
      15,
      2
    ],
    [
      27,
      23,
      0
    ],
    [
      29,
      21,
      0
    ],
    [
      31,
      19,
      0
    ],
    [
      33,
      17,
      0
    ]
  ],
  "policy_entropy": [
    1.234996598958969,
    1.2991067910194396,
    0.6704053062200547,
    0.7324441999197007,
    0.7266586947441102,
    0.7929184925556183,
    0.8217596453428269,
    0.7995912128686905,
    0.8512215518951416,
    0.7843812835216523,
    0.7403475660085678,
    0.8004608869552612,
    0.7488998997211457,
    0.799670798778534,
    0.8216372418403626
  ],
  "mean_root_value": [
    -0.001768056779504469,
    -0.002058617409982333,
    0.14041452519722575,
    0.1421565737891686,
    0.12587909727893445,
    0.0918425947869876,
    0.06632748225693078,
    0.0705236051429915,
    0.07874152184942154,
    0.0761690431352423,
    0.07886566065593692,
    0.07750380069693694,
    0.06876495329864413,
    0.05608030561160669,
    0.08474655758283514
  ],
  "mean_search_depth": [
    1.081917819565965,
    1.0775226990259845,
    1.7868677553163652,
    1.7876703963282983,
    1.7748526823734734,
    1.6338216101376108,
    1.608300310804544,
    1.6316167517942992,
    1.6305055397806105,
    1.6554765369407816,
    1.7020705225548463,
    1.657117148542786,
    1.702045208545083,
    1.6136579608786006,
    1.6548705522487313
  ],
  "mean_game_length": [
    18.76,
    16.94,
    20.88,
    18.98,
    18.78,
    17.52,
    17.32,
    19.94,
    17.08,
    19.32,
    20.98,
    18.94,
    20.26,
    18.82,
    17.42
  ],
  "wall_time": 43.82066798210144,
  "num_simulations": 5
}