{
  "iteration": [
    1,
    2,
    3,
    4,
    5,
    6,
    7,
    8,
    9,
    10,
    11,
    12,
    13,
    14,
    15,
    16,
    17,
    18,
    19,
    20,
    21,
    22,
    23,
    24,
    25
  ],
  "total_loss": [
    2.6299698096778004,
    1.7368962679067466,
    1.8053534059230167,
    1.3340814213433685,
    1.4082485531040918,
    1.4604960888014986,
    1.502756126209848,
    1.539362715766108,
    1.2026538871062225,
    1.2470463198195374,
    1.288269844244072,
    1.31754274584665,
    1.3443957623335274,
    1.367350042847535,
    1.3893412383018637,
    1.1625439866410683,
    1.1911131878794272,
    1.2146446973999585,
    1.2371096666232106,
    1.2596150241134152,
    1.12399023316195,
    1.1448259205875457,
    1.1681551441310944,
    1.191898964555197,
    1.219954732530149
  ],
  "policy_loss": [
    1.9627562642097474,
    1.310672859807272,
    1.3377309073070376,
    1.0168268331396866,
    1.0557733300886865,
    1.0802218095649976,
    1.1006760481216178,
    1.1210226607322693,
    0.9085407632053386,
    0.9320798235899271,
    0.9536549787306695,
    0.9711371910876468,
    0.9877841671884858,
    0.9988313174853183,
    1.0112998198983403,
    0.8673383943646291,
    0.8841314118179142,
    0.8991549792875623,
    0.9129589159663728,
    0.92548988449613,
    0.8353184202948782,
    0.847497323422813,
    0.8589044319756902,
    0.8721781038244809,
    0.8864752253853119
  ],
  "value_loss": [
    0.667213545123051,
    0.4262234083658281,
    0.46762249885600604,
    0.3172545878569944,
    0.3524752229115797,
    0.3802742793349258,
    0.40208007811774005,
    0.41834005497258864,
    0.29411312395955463,
    0.3149664959688947,
    0.33461486542905017,
    0.3464055549011654,
    0.35661159513394225,
    0.3685187255347151,
    0.3780414182123861,
    0.29520559223999165,
    0.3069817761930381,
    0.31548971801518827,
    0.32415075059381165,
    0.33412513968400415,
    0.2886718129584116,
    0.29732859691038277,
    0.30925071209183186,
    0.31972086061488303,
    0.33347950710810054
  ],
  "arena_win_rate": [
    1.0,
    0.5,
    1.0,
    0.5,
    0.0,
    0.5,
    0.5,
    1.0,
    0.0,
    0.5,
    0.5,
    0.0,
    0.25,
    0.5,
    1.0,
    0.5,
    0.5,
    0.5,
    0.5,
    1.0,
    0.0,
    0.5,
    0.0,
    0.5,
    1.0
  ],
  "vs_random_win_rate": [
    0.95,
    0.94,
    0.98,
    0.92,
    0.95,
    0.86,
    0.94,
    0.98,
    0.98,
    0.96,
    1.0,
    0.98,
    0.96,
    0.98,
    0.96,
    0.98,
    0.96,
    1.0,
    0.98,
    1.0,
    1.0,
    0.98,
    1.0,
    0.98,
    1.0
  ],
  "model_accepted": [
    true,
    false,
    true,
    false,
    false,
    false,
    false,
    true,
    false,
    false,
    false,
    false,
    false,
    false,
    true,
    false,
    false,
    false,
    false,
    true,
    false,
    false,
    false,
    false,
    true
  ],
  "buffer_size": [
    25928,
    52040,
    78232,
    104224,
    130416,
    156488,
    182560,
    208640,
    234824,
    260960,
    287144,
    313224,
    339336,
    365432,
    391376,
    417344,
    443376,
    469440,
    495520,
    521712,
    522016,
    522080,
    522000,
    521968,
    521784
  ],
  "self_play_outcomes": [
    [
      55,
      40,
      5
    ],
    [
      46,
      48,
      6
    ],
    [
      48,
      49,
      3
    ],
    [
      47,
      49,
      4
    ],
    [
      48,
      44,
      8
    ],
    [
      40,
      55,
      5
    ],
    [
      42,
      56,
      2
    ],
    [
      44,
      50,
      6
    ],
    [
      46,
      50,
      4
    ],
    [
      52,
      44,
      4
    ],
    [
      39,
      54,
      7
    ],
    [
      46,
      49,
      5
    ],
    [
      41,
      54,
      5
    ],
    [
      53,
      40,
      7
    ],
    [
      48,
      43,
      9
    ],
    [
      47,
      48,
      5
    ],
    [
      49,
      48,
      3
    ],
    [
      44,
      52,
      4
    ],
    [
      41,
      56,
      3
    ],
    [
      49,
      45,
      6
    ],
    [
      44,
      52,
      4
    ],
    [
      55,
      40,
      5
    ],
    [
      47,
      51,
      2
    ],
    [
      55,
      40,
      5
    ],
    [
      41,
      55,
      4
    ]
  ],
  "policy_entropy": [
    0.7804382747411728,
    0.6653418362140655,
    0.6565127593278884,
    0.626303824186325,
    0.6212175714969635,
    0.6161096757650375,
    0.6170230448246002,
    0.6288795077800751,
    0.6188183489441872,
    0.6184722638130188,
    0.6204546958208084,
    0.6166899400949478,
    0.6151826810836792,
    0.6129164099693298,
    0.6176086765527725,
    0.6090625247359276,
    0.6115269973874092,
    0.6086953711509705,
    0.610061620771885,
    0.6073608657717705,
    0.6002326175570488,
    0.6014266669750213,
    0.5964741215109826,
    0.6101771122217179,
    0.6109338581562043
  ],
  "mean_root_value": [
    0.011173122045406731,
    0.09781225767949275,
    0.09330198116756966,
    0.08886033210912153,
    0.09601531640962674,
    0.09033251661998296,
    0.09003049359166988,
    0.0964869012477309,
    0.08272792317130037,
    0.0885660510465605,
    0.09270695422840608,
    0.08597447936421859,
    0.08585155276933308,
    0.08039324425418419,
    0.08420361321449407,
    0.07735437396228897,
    0.0842534586600232,
    0.0846616344181081,
    0.08552579611670456,
    0.08500776982352333,
    0.08308001751498274,
    0.08637917819612481,
    0.08696143011764441,
    0.08299839729675572,
    0.08766991392089418
  ],
  "mean_search_depth": [
    3.0589411605551304,
    4.349563496170706,
    4.3868294485927315,
    4.661969291553376,
    4.646543633939269,
    4.6862858777186345,
    4.643837885154062,
    4.6137576382214665,
    4.751306969561358,
    4.7511639102121785,
    4.749040740219533,
    4.729312862975103,
    4.7570628670823165,
    4.831628483431496,
    4.782574295495376,
    4.801889435319582,
    4.787079825771951,
    4.786055847852338,
    4.83786181515617,
    4.803836946054214,
    4.838051706068546,
    4.828912034241849,
    4.859517644087098,
    4.806525442141666,
    4.809365716359858
  ],
  "mean_game_length": [
    32.41,
    32.64,
    32.74,
    32.49,
    32.74,
    32.59,
    32.59,
    32.6,
    32.73,
    32.67,
    32.73,
    32.6,
    32.64,
    32.62,
    32.43,
    32.46,
    32.54,
    32.58,
    32.6,
    32.74,
    32.79,
    32.72,
    32.64,
    32.45,
    32.51
  ]
}