{
  "iteration": [
    1,
    2,
    3,
    4,
    5,
    6,
    7,
    8,
    9,
    10,
    11,
    12,
    13,
    14,
    15
  ],
  "total_loss": [
    2.314147711992264,
    2.2379383940121222,
    2.1872019790741333,
    2.2408970474113117,
    2.2477837670933116,
    2.0420329387832736,
    2.071634164951943,
    2.115946290007344,
    2.146228412900652,
    2.164019139650939,
    2.1877984602200358,
    2.194023009117492,
    2.2021812942475902,
    1.988501303087031,
    2.029529929076326
  ],
  "policy_loss": [
    1.9388638540108998,
    1.914463034786027,
    1.8092745617211583,
    1.796693504181775,
    1.781235965092977,
    1.6240007426753733,
    1.6354656235591785,
    1.6436238652578106,
    1.6485336761085354,
    1.6491316688665445,
    1.6502269155492908,
    1.6476178520096991,
    1.6429255514184415,
    1.5062800175344884,
    1.5203833874085504
  ],
  "value_loss": [
    0.37528385914862156,
    0.3234753553338092,
    0.3779274198226631,
    0.44420354384590277,
    0.466547801616517,
    0.41803219594857977,
    0.43616854046647613,
    0.47232242425282794,
    0.49769473432278144,
    0.5148874712811,
    0.5375715469010174,
    0.5464051565724218,
    0.559255740285249,
    0.4822212849058173,
    0.5091465424657998
  ],
  "arena_win_rate": [
    1.0,
    1.0,
    0.5,
    0.0,
    1.0,
    0.5,
    0.5,
    0.5,
    0.5,
    0.5,
    0.5,
    0.5,
    0.75,
    0.5,
    0.5
  ],
  "vs_random_win_rate": [
    0.96,
    0.88,
    0.96,
    0.98,
    0.99,
    0.96,
    1.0,
    0.95,
    0.91,
    0.98,
    0.95,
    0.92,
    0.98,
    0.96,
    0.94
  ],
  "model_accepted": [
    true,
    true,
    false,
    false,
    true,
    false,
    false,
    false,
    false,
    false,
    false,
    false,
    true,
    false,
    false
  ],
  "buffer_size": [
    1914,
    3678,
    5250,
    6990,
    8418,
    10124,
    11794,
    13776,
    15658,
    17618,
    19452,
    21354,
    23162,
    25182,
    26996
  ],
  "self_play_outcomes": [
    [
      37,
      12,
      1
    ],
    [
      24,
      25,
      1
    ],
    [
      28,
      22,
      0
    ],
    [
      24,
      25,
      1
    ],
    [
      28,
      22,
      0
    ],
    [
      23,
      26,
      1
    ],
    [
      21,
      29,
      0
    ],
    [
      31,
      18,
      1
    ],
    [
      29,
      21,
      0
    ],
    [
      30,
      19,
      1
    ],
    [
      25,
      25,
      0
    ],
    [
      25,
      24,
      1
    ],
    [
      28,
      22,
      0
    ],
    [
      26,
      24,
      0
    ],
    [
      35,
      15,
      0
    ]
  ],
  "policy_entropy": [
    1.4120040714740754,
    1.0009700918197633,
    0.9796026855707168,
    0.9630971348285675,
    0.9776543653011323,
    0.9292509692907334,
    0.9325740277767182,
    0.8676825106143952,
    0.9046576410531998,
    0.8633137851953506,
    0.8856495440006256,
    0.8854391396045684,
    0.8918012374639511,
    0.8841257077455521,
    0.8851405596733093
  ],
  "mean_root_value": [
    0.07106553086408743,
    0.1553808977160006,
    0.16269889203268484,
    0.1616524987484538,
    0.18332940064548586,
    0.1653145793751889,
    0.1641728552565061,
    0.156034976482657,
    0.15406993340672492,
    0.156909989296558,
    0.15831735471004088,
    0.15536077927779307,
    0.17061293287201756,
    0.13316946689576117,
    0.13618118832259227
  ],
  "mean_search_depth": [
    2.878737091811526,
    4.4128816308278545,
    4.581084586752694,
    4.6366299619942035,
    4.659006954199537,
    5.056607109654577,
    4.996097987358608,
    5.0663467198292125,
    5.023296840281972,
    5.075433076396094,
    5.071817172107078,
    5.022139639290235,
    5.011214086492302,
    5.247944464101056,
    5.266218950680406
  ],
  "mean_game_length": [
    19.14,
    17.64,
    15.72,
    17.4,
    14.28,
    17.06,
    16.7,
    19.82,
    18.82,
    19.6,
    18.34,
    19.02,
    18.08,
    20.2,
    18.14
  ]
}