{
  "iteration": [
    1,
    2,
    3,
    4,
    5,
    6,
    7,
    8,
    9,
    10,
    11,
    12,
    13,
    14,
    15
  ],
  "total_loss": [
    2.34274263796599,
    2.028725221234819,
    1.9946449865235223,
    1.9558003696649435,
    1.6222801615665485,
    1.5209554591229264,
    1.4661029016900204,
    1.418744832877965,
    1.3767198618289278,
    1.3393844904457721,
    1.322692640931518,
    1.292774056292706,
    1.2712565585415556,
    1.2544842452968625,
    1.2353428660231693
  ],
  "policy_loss": [
    1.9145339235015537,
    1.648497912676438,
    1.5763563753940442,
    1.538557637736784,
    1.2994118209525105,
    1.2363903211455949,
    1.1996321949059379,
    1.1620354033563796,
    1.132321503792374,
    1.1091105349073584,
    1.0921146690624732,
    1.073223891246178,
    1.0583841215286935,
    1.0493930418800106,
    1.0356019099898268
  ],
  "value_loss": [
    0.42820871501513147,
    0.38022730677672056,
    0.4182886115378804,
    0.41724273117061433,
    0.32286833967868384,
    0.28456513808620437,
    0.26647070641378445,
    0.25670942968715377,
    0.24439835935525578,
    0.23027395581306848,
    0.23057797210497988,
    0.2195501655585197,
    0.21287243661835142,
    0.2050912034870695,
    0.1997409551751331
  ],
  "arena_win_rate": [
    0.5,
    0.5,
    0.5,
    0.75,
    0.5,
    0.5,
    0.5,
    0.5,
    0.5,
    0.5,
    0.5,
    0.5,
    0.5,
    0.5,
    0.5
  ],
  "vs_random_win_rate": [
    0.95,
    0.95,
    0.97,
    0.99,
    0.99,
    0.98,
    0.96,
    0.94,
    0.98,
    1.0,
    0.99,
    0.96,
    0.98,
    0.99,
    0.97
  ],
  "model_accepted": [
    false,
    false,
    false,
    true,
    false,
    false,
    false,
    false,
    false,
    false,
    false,
    false,
    false,
    false,
    false
  ],
  "buffer_size": [
    2888,
    5888,
    8624,
    11448,
    14760,
    18120,
    21344,
    24712,
    28056,
    31384,
    34552,
    37904,
    41208,
    44480,
    47880
  ],
  "self_play_outcomes": [
    [
      28,
      9,
      13
    ],
    [
      25,
      5,
      20
    ],
    [
      28,
      12,
      10
    ],
    [
      37,
      5,
      8
    ],
    [
      11,
      4,
      35
    ],
    [
      11,
      2,
      37
    ],
    [
      12,
      5,
      33
    ],
    [
      9,
      5,
      36
    ],
    [
      12,
      2,
      36
    ],
    [
      12,
      2,
      36
    ],
    [
      11,
      8,
      31
    ],
    [
      10,
      3,
      37
    ],
    [
      8,
      5,
      37
    ],
    [
      14,
      1,
      35
    ],
    [
      12,
      1,
      37
    ]
  ],
  "policy_entropy": [
    1.2560975170135498,
    1.2317377614974976,
    1.2790567779541016,
    1.2588957786560058,
    0.8122896385192871,
    0.8081936752796173,
    0.8537551248073578,
    0.8181180286407471,
    0.8126294183731079,
    0.8196170341968536,
    0.845362869501114,
    0.7987182009220123,
    0.8112603139877319,
    0.845360267162323,
    0.7920646476745605
  ],
  "mean_root_value": [
    0.1378363164379714,
    0.12560981392959378,
    0.13348728400673576,
    0.14765194745297178,
    0.10370549668258838,
    0.09421204778448015,
    0.11432869345441862,
    0.09798413003739605,
    0.10127565248564759,
    0.09862716125570786,
    0.12254009395488762,
    0.09465460082953278,
    0.09781266458937304,
    0.10747634133665648,
    0.09059749330888005
  ],
  "mean_search_depth": [
    3.3630396825396827,
    3.346563492063492,
    3.395261904761905,
    3.3681666666666668,
    4.6082857142857145,
    4.632460317460317,
    4.733555555555555,
    4.686428571428571,
    4.6029841269841265,
    4.579746031746032,
    4.801452380952381,
    4.670119047619048,
    4.734071428571428,
    4.666539682539683,
    4.663507936507937
  ],
  "mean_game_length": [
    7.22,
    7.5,
    6.84,
    7.06,
    8.28,
    8.4,
    8.06,
    8.42,
    8.36,
    8.32,
    7.92,
    8.38,
    8.26,
    8.18,
    8.5
  ]
}