{
  "iteration": [
    1,
    2,
    3,
    4,
    5,
    6,
    7,
    8,
    9,
    10,
    11,
    12,
    13,
    14,
    15
  ],
  "total_loss": [
    0.46948569968498,
    0.25370859320411304,
    0.18178962382911576,
    0.14865133545808165,
    0.12781533237035705,
    0.1121221755366102,
    0.10089844723305051,
    0.0922759597231095,
    0.08700091207505628,
    0.08074656165279319,
    0.07797215150456115,
    0.0733992667150856,
    0.07096846883113467,
    0.06895935005927488,
    0.06633475255436293
  ],
  "policy_loss": [
    0.41712633941167343,
    0.22713388487619038,
    0.1642272009961501,
    0.13516443116360974,
    0.11713830078474927,
    0.10313107376587445,
    0.09332251834637126,
    0.08582145164574523,
    0.0811716057405966,
    0.07532505767297211,
    0.07304909309019361,
    0.06897565152672568,
    0.06689497449755473,
    0.0652000748856219,
    0.06281391316674297
  ],
  "value_loss": [
    0.052359359516430906,
    0.026574707690528974,
    0.017562423509686752,
    0.01348690409533264,
    0.010677031902573162,
    0.008991101450998613,
    0.00757592904444648,
    0.006454508176176095,
    0.005829306460786257,
    0.00542150404030935,
    0.004923058564042533,
    0.004423615300022493,
    0.004073494456244453,
    0.0037592750925325475,
    0.0035208393966502066
  ],
  "arena_win_rate": [
    0.5,
    0.5,
    0.5,
    0.5,
    0.5,
    0.5,
    0.5,
    0.5,
    0.5,
    0.5,
    0.5,
    0.5,
    0.5,
    0.5,
    0.5
  ],
  "vs_random_win_rate": [
    0.7,
    0.7,
    0.86,
    0.8,
    0.78,
    0.76,
    0.74,
    0.74,
    0.78,
    0.84,
    0.76,
    0.76,
    0.8,
    0.86,
    0.76
  ],
  "model_accepted": [
    false,
    false,
    false,
    false,
    false,
    false,
    false,
    false,
    false,
    false,
    false,
    false,
    false,
    false,
    false
  ],
  "buffer_size": [
    1900,
    3800,
    5700,
    7600,
    9500,
    11400,
    13300,
    15200,
    17100,
    19000,
    20900,
    22800,
    24700,
    26600,
    28500
  ],
  "self_play_outcomes": [
    [
      50,
      0,
      0
    ],
    [
      50,
      0,
      0
    ],
    [
      50,
      0,
      0
    ],
    [
      50,
      0,
      0
    ],
    [
      50,
      0,
      0
    ],
    [
      50,
      0,
      0
    ],
    [
      50,
      0,
      0
    ],
    [
      50,
      0,
      0
    ],
    [
      50,
      0,
      0
    ],
    [
      50,
      0,
      0
    ],
    [
      50,
      0,
      0
    ],
    [
      50,
      0,
      0
    ],
    [
      50,
      0,
      0
    ],
    [
      50,
      0,
      0
    ],
    [
      50,
      0,
      0
    ]
  ],
  "policy_entropy": [
    0.0,
    0.0,
    0.0,
    0.0,
    0.0,
    0.0,
    0.0,
    0.0,
    0.0,
    0.0,
    0.0,
    0.0,
    0.0,
    0.0,
    0.0
  ],
  "mean_root_value": [
    0.14747252354496407,
    0.14747252354496407,
    0.14747252354496407,
    0.14747252354496407,
    0.14747252354496407,
    0.14747252354496407,
    0.14747252354496407,
    0.14747252354496407,
    0.14747252354496407,
    0.14747252354496407,
    0.14747252354496407,
    0.14747252354496407,
    0.14747252354496407,
    0.14747252354496407,
    0.14747252354496407
  ],
  "mean_search_depth": [
    1.0,
    1.0,
    1.0,
    1.0,
    1.0,
    1.0,
    1.0,
    1.0,
    1.0,
    1.0,
    1.0,
    1.0,
    1.0,
    1.0,
    1.0
  ],
  "mean_game_length": [
    19.0,
    19.0,
    19.0,
    19.0,
    19.0,
    19.0,
    19.0,
    19.0,
    19.0,
    19.0,
    19.0,
    19.0,
    19.0,
    19.0,
    19.0
  ]
}