{
  "iteration": [
    1,
    2,
    3,
    4,
    5,
    6,
    7,
    8,
    9,
    10,
    11,
    12,
    13,
    14,
    15
  ],
  "total_loss": [
    0.8805450661615892,
    0.6964227858930826,
    0.6412038394221754,
    0.6080274106264114,
    0.5891588137302225,
    0.5728425938820204,
    0.5633348520202046,
    0.5580998679186616,
    0.5530591463830871,
    0.5452787543676759,
    0.5405009066168204,
    0.5406457301435016,
    0.5346388306161012,
    0.532417298894722,
    0.5295259056842491
  ],
  "policy_loss": [
    0.8420935359190811,
    0.6777458247813312,
    0.6279119458839749,
    0.5984858973196575,
    0.5810499628793159,
    0.5662035679182625,
    0.557805628147498,
    0.5533574450526919,
    0.5486236097016916,
    0.5412851400299159,
    0.5370524260080207,
    0.5373762404748371,
    0.5315671018116922,
    0.5296482442399612,
    0.527009421092553
  ],
  "value_loss": [
    0.038451531636141574,
    0.018676964032525258,
    0.013291893292010913,
    0.009541513990336663,
    0.008108851772745842,
    0.00663903196863757,
    0.0055292263228417455,
    0.0047424262029651405,
    0.004435539323604715,
    0.003993616905210311,
    0.0034484842991767905,
    0.0032694918753338013,
    0.0030717310374188404,
    0.0027690573779420307,
    0.0025164869914107084
  ],
  "arena_win_rate": [
    0.5,
    0.5,
    0.5,
    0.5,
    0.5,
    0.5,
    0.5,
    0.5,
    0.5,
    0.5,
    0.5,
    0.5,
    0.5,
    0.5,
    0.5
  ],
  "vs_random_win_rate": [
    0.64,
    0.55,
    0.74,
    0.65,
    0.61,
    0.72,
    0.57,
    0.6,
    0.66,
    0.53,
    0.61,
    0.65,
    0.53,
    0.62,
    0.61
  ],
  "model_accepted": [
    false,
    false,
    false,
    false,
    false,
    false,
    false,
    false,
    false,
    false,
    false,
    false,
    false,
    false,
    false
  ],
  "buffer_size": [
    2800,
    5600,
    8400,
    11200,
    14000,
    16800,
    19600,
    22400,
    25200,
    28000,
    30800,
    33600,
    36400,
    39200,
    42000
  ],
  "self_play_outcomes": [
    [
      50,
      0,
      0
    ],
    [
      50,
      0,
      0
    ],
    [
      50,
      0,
      0
    ],
    [
      50,
      0,
      0
    ],
    [
      50,
      0,
      0
    ],
    [
      50,
      0,
      0
    ],
    [
      50,
      0,
      0
    ],
    [
      50,
      0,
      0
    ],
    [
      50,
      0,
      0
    ],
    [
      50,
      0,
      0
    ],
    [
      50,
      0,
      0
    ],
    [
      50,
      0,
      0
    ],
    [
      50,
      0,
      0
    ],
    [
      50,
      0,
      0
    ],
    [
      50,
      0,
      0
    ]
  ],
  "policy_entropy": [
    0.0,
    0.0,
    0.0,
    0.0,
    0.0,
    0.0,
    0.0,
    0.0,
    0.0,
    0.0,
    0.0,
    0.0,
    0.0,
    0.0,
    0.0
  ],
  "mean_root_value": [
    0.24264798952000485,
    0.24264798952000485,
    0.24264798952000485,
    0.24264798952000485,
    0.24264798952000485,
    0.24264798952000485,
    0.24264798952000485,
    0.24264798952000485,
    0.24264798952000485,
    0.24264798952000485,
    0.24264798952000485,
    0.24264798952000485,
    0.24264798952000485,
    0.24264798952000485,
    0.24264798952000485
  ],
  "mean_search_depth": [
    1.0,
    1.0,
    1.0,
    1.0,
    1.0,
    1.0,
    1.0,
    1.0,
    1.0,
    1.0,
    1.0,
    1.0,
    1.0,
    1.0,
    1.0
  ],
  "mean_game_length": [
    7.0,
    7.0,
    7.0,
    7.0,
    7.0,
    7.0,
    7.0,
    7.0,
    7.0,
    7.0,
    7.0,
    7.0,
    7.0,
    7.0,
    7.0
  ]
}