{
  "iteration": [
    1,
    2,
    3,
    4,
    5,
    6,
    7,
    8,
    9,
    10,
    11,
    12,
    13,
    14,
    15
  ],
  "total_loss": [
    2.4685243968963624,
    2.501640727199041,
    2.2900757582156688,
    2.208796454668045,
    2.2185110090255735,
    2.2512401894728344,
    2.0426312099243034,
    1.9363954404989878,
    1.9899189159341528,
    2.016917701156772,
    2.027530068514952,
    1.8826554110954548,
    1.8226381522778885,
    1.8528712672947427,
    1.799309474983058
  ],
  "policy_loss": [
    1.9393822655677795,
    1.9440581931517675,
    1.9295831508450694,
    1.852539090871811,
    1.8295954092979432,
    1.8186160418192545,
    1.6815471314835821,
    1.573550120507828,
    1.5815683449555307,
    1.5875607132911682,
    1.5847742473901207,
    1.4843252683507986,
    1.4236363967005818,
    1.439395420226825,
    1.391246168266286
  ],
  "value_loss": [
    0.5291421332359314,
    0.5575825340992127,
    0.3604926004715554,
    0.356257361009717,
    0.3889156007826328,
    0.4326241494541367,
    0.3610840785691793,
    0.3628453205142057,
    0.4083505723069156,
    0.42935698831729513,
    0.4427558209580272,
    0.3983301424607635,
    0.39900175651041464,
    0.4134758470458745,
    0.40806330702380167
  ],
  "arena_win_rate": [
    0.5,
    1.0,
    1.0,
    0.5,
    0.0,
    1.0,
    1.0,
    0.5,
    0.5,
    0.5,
    1.0,
    1.0,
    0.5,
    1.0,
    0.0
  ],
  "vs_random_win_rate": [
    0.88,
    0.94,
    0.98,
    0.94,
    0.98,
    0.94,
    0.92,
    0.96,
    0.96,
    0.96,
    0.94,
    0.98,
    0.97,
    0.94,
    0.94
  ],
  "model_accepted": [
    false,
    true,
    true,
    false,
    false,
    true,
    true,
    false,
    false,
    false,
    true,
    true,
    false,
    true,
    false
  ],
  "buffer_size": [
    1598,
    3266,
    4886,
    6354,
    7962,
    9546,
    11118,
    12658,
    14136,
    15620,
    17124,
    18504,
    20026,
    21626,
    23282
  ],
  "self_play_outcomes": [
    [
      25,
      25,
      0
    ],
    [
      32,
      18,
      0
    ],
    [
      34,
      16,
      0
    ],
    [
      34,
      16,
      0
    ],
    [
      38,
      11,
      1
    ],
    [
      32,
      17,
      1
    ],
    [
      34,
      16,
      0
    ],
    [
      30,
      20,
      0
    ],
    [
      37,
      13,
      0
    ],
    [
      34,
      16,
      0
    ],
    [
      36,
      12,
      2
    ],
    [
      34,
      16,
      0
    ],
    [
      31,
      19,
      0
    ],
    [
      36,
      13,
      1
    ],
    [
      30,
      20,
      0
    ]
  ],
  "policy_entropy": [
    1.5591531789302826,
    1.5657414877414704,
    0.9752495062351226,
    0.9602637326717377,
    0.9053939855098725,
    0.9300601613521576,
    0.9228889709711074,
    0.929533799290657,
    0.9257209759950638,
    0.969520075917244,
    0.9436842304468155,
    0.9299142915010452,
    0.913410627245903,
    0.8949683719873428,
    0.879220957159996
  ],
  "mean_root_value": [
    0.05927475396237067,
    0.06125285987328936,
    0.1785608129649674,
    0.14658824989542502,
    0.1355770957479784,
    0.14280763743020297,
    0.16266691734733982,
    0.17332362467661336,
    0.18847686503074385,
    0.16882338517195808,
    0.16193345174024995,
    0.15945534482421164,
    0.15248619284244996,
    0.14350122441894456,
    0.15782091543947838
  ],
  "mean_search_depth": [
    2.004633491489875,
    2.0468236461554095,
    3.548498310649482,
    3.476190906060034,
    3.5339561581624896,
    3.5788749573544747,
    3.5809198726222546,
    3.6236581851853145,
    3.594484376563795,
    3.5514721026486535,
    3.5532992279889237,
    3.9758077780978236,
    3.7888466593319525,
    3.783233878345149,
    4.184669883884381
  ],
  "mean_game_length": [
    15.98,
    16.68,
    16.2,
    14.68,
    16.08,
    15.84,
    15.72,
    15.4,
    14.78,
    14.84,
    15.04,
    13.8,
    15.22,
    16.0,
    16.56
  ]
}