{
  "iteration": [
    1,
    2,
    3,
    4,
    5,
    6,
    7,
    8,
    9,
    10,
    11,
    12,
    13,
    14,
    15
  ],
  "total_loss": [
    2.583011883497238,
    2.000203080878538,
    1.7673655509948731,
    1.6527393642224764,
    1.5880075023207867,
    1.5361717803403736,
    1.4891131709486045,
    1.4621204472773257,
    1.4140870082072723,
    1.384312409854967,
    1.354814963946577,
    1.3399342677074737,
    1.3265897211146682,
    1.31690820990854,
    1.3034111878165493
  ],
  "policy_loss": [
    1.9683729730901265,
    1.5158722584387836,
    1.368912104330957,
    1.290118313149402,
    1.246331605609034,
    1.2159730069339276,
    1.1879311058545272,
    1.1655118316586255,
    1.134174407919248,
    1.1137341274623176,
    1.0935217067599297,
    1.07560512696057,
    1.0629691602738753,
    1.0541752593247753,
    1.0437999908747497
  ],
  "value_loss": [
    0.6146389154451234,
    0.48433082107235403,
    0.3984534445218742,
    0.36262105018423313,
    0.34167589754775657,
    0.32019877204438674,
    0.30118206493906524,
    0.2966086167994647,
    0.2799125999345993,
    0.2705782820956446,
    0.2612932566309073,
    0.2643291400974014,
    0.2636205602832751,
    0.26273295042953293,
    0.2596111967762311
  ],
  "arena_win_rate": [
    0.75,
    0.75,
    0.75,
    0.25,
    0.5,
    0.5,
    0.5,
    0.75,
    0.5,
    0.5,
    0.5,
    0.5,
    0.5,
    0.5,
    0.5
  ],
  "vs_random_win_rate": [
    0.87,
    0.93,
    0.92,
    0.96,
    0.95,
    0.88,
    0.93,
    0.92,
    0.94,
    0.98,
    0.92,
    0.97,
    0.94,
    0.97,
    0.94
  ],
  "model_accepted": [
    true,
    true,
    true,
    false,
    false,
    false,
    false,
    true,
    false,
    false,
    false,
    false,
    false,
    false,
    false
  ],
  "buffer_size": [
    2656,
    5424,
    8152,
    10912,
    13592,
    16336,
    19064,
    21848,
    24912,
    28056,
    31224,
    34400,
    37320,
    40152,
    43160
  ],
  "self_play_outcomes": [
    [
      31,
      12,
      7
    ],
    [
      32,
      8,
      10
    ],
    [
      38,
      3,
      9
    ],
    [
      35,
      3,
      12
    ],
    [
      42,
      3,
      5
    ],
    [
      38,
      3,
      9
    ],
    [
      39,
      1,
      10
    ],
    [
      35,
      4,
      11
    ],
    [
      20,
      3,
      27
    ],
    [
      18,
      3,
      29
    ],
    [
      21,
      2,
      27
    ],
    [
      20,
      5,
      25
    ],
    [
      25,
      3,
      22
    ],
    [
      29,
      4,
      17
    ],
    [
      23,
      4,
      23
    ]
  ],
  "policy_entropy": [
    1.4830383920669556,
    0.8156671738624572,
    0.6635024136304856,
    0.659244511127472,
    0.6598082685470581,
    0.6820756983757019,
    0.6530958467721939,
    0.6554023408889771,
    0.6541360199451447,
    0.6494562041759491,
    0.6256281769275666,
    0.6440887546539307,
    0.6556702381372452,
    0.6659876835346222,
    0.646358494758606
  ],
  "mean_root_value": [
    0.17693024707944907,
    0.17527702903747738,
    0.18176532090299322,
    0.15184676054768415,
    0.16417990218661133,
    0.15153543436082015,
    0.15470492294462057,
    0.1511752199774415,
    0.11863671479424416,
    0.10796528778032252,
    0.10497202433542682,
    0.11814404313911867,
    0.14302726837722138,
    0.1436574320672378,
    0.12899718445215866
  ],
  "mean_search_depth": [
    2.8381587301587303,
    3.6725079365079365,
    4.091603174603175,
    3.502031746031746,
    3.517579365079365,
    3.528436507936507,
    3.4591587301587294,
    3.451373015873015,
    4.759079365079365,
    4.611682539682539,
    4.696753968253969,
    4.576142857142858,
    4.827976190476191,
    4.77386507936508,
    4.689587301587301
  ],
  "mean_game_length": [
    6.64,
    6.92,
    6.82,
    6.9,
    6.7,
    6.86,
    6.82,
    6.96,
    7.66,
    7.86,
    7.92,
    7.94,
    7.3,
    7.08,
    7.52
  ],
  "wall_time": 55.76603698730469,
  "c_puct": 0.5
}