{
  "iteration": [
    1,
    2,
    3,
    4,
    5,
    6,
    7,
    8,
    9,
    10,
    11,
    12,
    13,
    14,
    15
  ],
  "total_loss": [
    2.5737332184140276,
    2.0193483240720704,
    1.7685128107903496,
    1.6762805857377894,
    1.6144602505403145,
    1.586631338384621,
    1.5553693388720027,
    1.5361192887818271,
    1.5197025665086716,
    1.4911337128421605,
    1.4885044074835456,
    1.47351127566572,
    1.461644656889627,
    1.4529541391665768,
    1.450908962002835
  ],
  "policy_loss": [
    1.9950505698599466,
    1.5491042798612176,
    1.4008126244658516,
    1.3418543218865113,
    1.2979943150671842,
    1.2707482120705387,
    1.2424598375109375,
    1.2202231311831961,
    1.202808025913622,
    1.1839651101520932,
    1.1751227530952384,
    1.1669917189986123,
    1.1564365220233748,
    1.1510042667483829,
    1.1487507232762375
  ],
  "value_loss": [
    0.5786826517523789,
    0.4702440452648372,
    0.3677001853310873,
    0.33442626410547427,
    0.31646593601625655,
    0.31588312576463784,
    0.31290950007614543,
    0.3158961587606675,
    0.3168945409039307,
    0.30716860192834133,
    0.3133816541273094,
    0.30651955623283733,
    0.3052081350441958,
    0.301949872477514,
    0.302158237595172
  ],
  "arena_win_rate": [
    1.0,
    0.75,
    0.5,
    0.5,
    0.5,
    0.5,
    0.5,
    0.5,
    0.5,
    0.5,
    0.5,
    0.5,
    0.5,
    0.5,
    0.5
  ],
  "vs_random_win_rate": [
    0.94,
    0.86,
    0.91,
    0.95,
    0.92,
    0.93,
    0.93,
    0.92,
    0.91,
    0.88,
    0.92,
    0.92,
    0.97,
    0.93,
    0.95
  ],
  "model_accepted": [
    true,
    true,
    false,
    false,
    false,
    false,
    false,
    false,
    false,
    false,
    false,
    false,
    false,
    false,
    false
  ],
  "buffer_size": [
    2576,
    5240,
    8032,
    10856,
    13664,
    16520,
    19520,
    22496,
    25472,
    28592,
    31400,
    34312,
    37248,
    40160,
    43016
  ],
  "self_play_outcomes": [
    [
      31,
      12,
      7
    ],
    [
      31,
      11,
      8
    ],
    [
      35,
      1,
      14
    ],
    [
      30,
      3,
      17
    ],
    [
      30,
      3,
      17
    ],
    [
      28,
      5,
      17
    ],
    [
      22,
      5,
      23
    ],
    [
      25,
      6,
      19
    ],
    [
      20,
      8,
      22
    ],
    [
      17,
      4,
      29
    ],
    [
      26,
      9,
      15
    ],
    [
      25,
      4,
      21
    ],
    [
      23,
      7,
      20
    ],
    [
      28,
      4,
      18
    ],
    [
      28,
      5,
      17
    ]
  ],
  "policy_entropy": [
    1.524459502696991,
    0.9599361753463745,
    0.8623031270503998,
    0.8796895205974579,
    0.8715172791481018,
    0.8840262639522553,
    0.8467178905010223,
    0.8459868347644806,
    0.8547432887554168,
    0.8316349446773529,
    0.8498232793807984,
    0.8627530419826508,
    0.8337146890163422,
    0.8621169006824494,
    0.8716812992095947
  ],
  "mean_root_value": [
    0.13766889691832845,
    0.21924611268635524,
    0.22277906245670626,
    0.22680998225688925,
    0.2255473724888965,
    0.22186574383964872,
    0.2088058203717217,
    0.21145753120916816,
    0.21654477019340443,
    0.1963292522417831,
    0.2443240280004751,
    0.21837740635760952,
    0.22189214369223215,
    0.21282744530948836,
    0.23164704497561395
  ],
  "mean_search_depth": [
    2.088190476190476,
    3.5564206349206353,
    3.9206666666666665,
    3.9819999999999998,
    3.999682539682539,
    3.8883015873015876,
    4.130071428571429,
    3.982238095238096,
    3.945849206349206,
    4.05095238095238,
    4.049293650793651,
    3.9732301587301584,
    4.029111111111111,
    3.99234126984127,
    4.0126349206349206
  ],
  "mean_game_length": [
    6.44,
    6.66,
    6.98,
    7.06,
    7.02,
    7.14,
    7.5,
    7.44,
    7.44,
    7.8,
    7.02,
    7.28,
    7.34,
    7.28,
    7.14
  ],
  "wall_time": 58.49912691116333,
  "c_puct": 1.0
}