{
  "iteration": [
    1,
    2,
    3,
    4,
    5,
    6,
    7,
    8,
    9,
    10,
    11,
    12,
    13,
    14,
    15
  ],
  "total_loss": [
    2.5901665553814026,
    2.209644016798805,
    2.016832575964373,
    1.9587608484174475,
    1.9049476751534071,
    1.876075962460958,
    1.864620615664882,
    1.858744157979943,
    1.8633308691659747,
    1.8469190824114423,
    1.8296607749120093,
    1.825347083346724,
    1.8200018096224693,
    1.8066310768670375,
    1.7988839431977235
  ],
  "policy_loss": [
    2.020795962577913,
    1.6082477517688976,
    1.4883359001588452,
    1.4518253397390333,
    1.424384085209139,
    1.4121141778047268,
    1.4035694132543632,
    1.3969163709637746,
    1.390770406005928,
    1.3852528760119343,
    1.3822202601513278,
    1.3789091832619376,
    1.376631691638261,
    1.372851612701668,
    1.3704926818104113
  ],
  "value_loss": [
    0.5693705935303758,
    0.6013962634871988,
    0.5284966755976048,
    0.5069355063700263,
    0.48056358968332613,
    0.46396178474793065,
    0.46105120252854753,
    0.46182778661564594,
    0.47256046379976224,
    0.4616662064752182,
    0.4474405142702634,
    0.44643790023725005,
    0.4433701188459303,
    0.4337794644874905,
    0.4283912614768569
  ],
  "arena_win_rate": [
    1.0,
    0.75,
    0.5,
    0.5,
    0.5,
    0.5,
    0.5,
    0.5,
    0.5,
    0.5,
    0.5,
    0.5,
    0.5,
    0.5,
    0.5
  ],
  "vs_random_win_rate": [
    0.97,
    0.95,
    0.97,
    0.98,
    0.94,
    0.99,
    0.99,
    0.97,
    0.96,
    0.96,
    0.93,
    0.97,
    0.95,
    0.99,
    0.97
  ],
  "model_accepted": [
    true,
    true,
    false,
    false,
    false,
    false,
    false,
    false,
    false,
    false,
    false,
    false,
    false,
    false,
    false
  ],
  "buffer_size": [
    2592,
    5408,
    8208,
    11040,
    13864,
    16640,
    19384,
    22136,
    24864,
    27688,
    30336,
    33112,
    35952,
    38728,
    41512
  ],
  "self_play_outcomes": [
    [
      37,
      10,
      3
    ],
    [
      25,
      18,
      7
    ],
    [
      29,
      10,
      11
    ],
    [
      28,
      8,
      14
    ],
    [
      30,
      7,
      13
    ],
    [
      29,
      7,
      14
    ],
    [
      34,
      7,
      9
    ],
    [
      27,
      12,
      11
    ],
    [
      24,
      17,
      9
    ],
    [
      30,
      7,
      13
    ],
    [
      36,
      3,
      11
    ],
    [
      27,
      11,
      12
    ],
    [
      28,
      9,
      13
    ],
    [
      29,
      7,
      14
    ],
    [
      37,
      4,
      9
    ]
  ],
  "policy_entropy": [
    1.592847273349762,
    1.250837596654892,
    1.236657646894455,
    1.2312573730945586,
    1.2294615089893342,
    1.2691168403625488,
    1.2679940056800842,
    1.2632424318790436,
    1.2456352746486663,
    1.2517254257202148,
    1.2768062889575957,
    1.2518291854858399,
    1.2620059084892272,
    1.2642584335803986,
    1.2675055241584778
  ],
  "mean_root_value": [
    0.11682978569144865,
    0.25459666695649913,
    0.24515958081913325,
    0.22849073634662553,
    0.22561992211914256,
    0.20524212239905243,
    0.2378214985514894,
    0.23724869740887355,
    0.25792000513282387,
    0.22390649557099807,
    0.23355792413888463,
    0.24317235360292663,
    0.21627708728630896,
    0.21246772777348305,
    0.24087844477800605
  ],
  "mean_search_depth": [
    2.2205555555555554,
    3.0339682539682538,
    3.1613333333333338,
    3.131388888888889,
    3.0878809523809525,
    3.1720396825396824,
    3.1555158730158728,
    3.173555555555556,
    3.18634126984127,
    3.1085555555555557,
    3.2309126984126983,
    3.1677301587301594,
    3.1385317460317457,
    3.1221428571428573,
    3.119579365079365
  ],
  "mean_game_length": [
    6.48,
    7.04,
    7.0,
    7.08,
    7.06,
    6.94,
    6.86,
    6.88,
    6.82,
    7.06,
    6.62,
    6.94,
    7.1,
    6.94,
    6.96
  ],
  "wall_time": 56.83973717689514,
  "c_puct": 2.0
}