{
  "iteration": [
    1,
    2,
    3,
    4,
    5,
    6,
    7,
    8,
    9,
    10,
    11,
    12,
    13,
    14,
    15
  ],
  "total_loss": [
    2.6498969972133635,
    1.9412470355266478,
    1.733835824524484,
    1.6272480935393694,
    1.5807276300266029,
    1.5271461669220983,
    1.4916054474208948,
    1.4691203794309071,
    1.410772301008304,
    1.4011329776434986,
    1.3576046657861527,
    1.326604612326577,
    1.31362666780543,
    1.2989399528005114,
    1.28376272570874
  ],
  "policy_loss": [
    2.0023276364803313,
    1.4313397670664438,
    1.270047720467172,
    1.1830790894117185,
    1.1288984866803913,
    1.092220026254654,
    1.0614187589684445,
    1.0389866911229633,
    1.0142383511022974,
    1.019934957060549,
    0.9994342537105831,
    0.9861130378196731,
    0.9743304445822206,
    0.9666564942556178,
    0.9595804999715516
  ],
  "value_loss": [
    0.6475693626701832,
    0.5099072664612677,
    0.46378810452978786,
    0.4441690051180874,
    0.4518291427900917,
    0.4349261404759434,
    0.4301866882591931,
    0.43013368841881555,
    0.39653394982839624,
    0.3811980204346279,
    0.3581704123966614,
    0.34049157507309163,
    0.339296222716156,
    0.3322834592492251,
    0.3241822253003539
  ],
  "arena_win_rate": [
    0.75,
    0.5,
    0.5,
    0.5,
    0.5,
    0.5,
    0.5,
    0.75,
    0.5,
    0.75,
    0.5,
    0.5,
    0.5,
    0.5,
    0.5
  ],
  "vs_random_win_rate": [
    0.96,
    0.93,
    0.91,
    0.98,
    0.98,
    0.94,
    0.98,
    0.97,
    0.95,
    0.96,
    0.95,
    0.97,
    0.91,
    0.95,
    0.96
  ],
  "model_accepted": [
    true,
    false,
    false,
    false,
    false,
    false,
    false,
    true,
    false,
    true,
    false,
    false,
    false,
    false,
    false
  ],
  "buffer_size": [
    2536,
    5224,
    7832,
    10632,
    13328,
    15880,
    18720,
    21464,
    24528,
    27624,
    30584,
    33800,
    36832,
    39808,
    42976
  ],
  "self_play_outcomes": [
    [
      32,
      13,
      5
    ],
    [
      26,
      10,
      14
    ],
    [
      30,
      6,
      14
    ],
    [
      24,
      8,
      18
    ],
    [
      25,
      11,
      14
    ],
    [
      30,
      7,
      13
    ],
    [
      22,
      11,
      17
    ],
    [
      22,
      11,
      17
    ],
    [
      19,
      7,
      24
    ],
    [
      24,
      5,
      21
    ],
    [
      24,
      2,
      24
    ],
    [
      12,
      4,
      34
    ],
    [
      19,
      7,
      24
    ],
    [
      22,
      4,
      24
    ],
    [
      18,
      4,
      28
    ]
  ],
  "policy_entropy": [
    1.4914197826385498,
    0.504086641073227,
    0.4996228915452957,
    0.5042688453197479,
    0.5066389805078506,
    0.49371480107307436,
    0.5114152944087982,
    0.5196741914749146,
    0.5559988838434219,
    0.5494453865289688,
    0.5261173152923584,
    0.5170070087909698,
    0.5282512098550797,
    0.5298200422525405,
    0.5267738085985184
  ],
  "mean_root_value": [
    0.1913811127550469,
    0.2001318098618818,
    0.20815611713252877,
    0.18338647652937268,
    0.1968303544878774,
    0.21154385629541828,
    0.180814356433427,
    0.1887302528374642,
    0.13769044783449233,
    0.1351391771712467,
    0.177713734768166,
    0.1351174745997274,
    0.17906884171812348,
    0.1718131819451948,
    0.1430132997529764
  ],
  "mean_search_depth": [
    2.823436507936508,
    4.622539682539682,
    4.704333333333333,
    4.549388888888888,
    4.634952380952381,
    4.636119047619047,
    4.574698412698412,
    4.541444444444444,
    3.830277777777778,
    3.8213412698412696,
    4.817325396825397,
    4.685309523809523,
    4.723285714285714,
    4.741230158730159,
    4.6285396825396825
  ],
  "mean_game_length": [
    6.34,
    6.72,
    6.52,
    7.0,
    6.74,
    6.38,
    7.1,
    6.86,
    7.66,
    7.74,
    7.4,
    8.04,
    7.58,
    7.44,
    7.92
  ],
  "wall_time": 55.58242702484131,
  "c_puct": 0.1
}