{
  "iteration": [
    1,
    2,
    3,
    4,
    5,
    6,
    7,
    8,
    9,
    10,
    11,
    12,
    13,
    14,
    15,
    16,
    17,
    18,
    19,
    20,
    21,
    22,
    23,
    24,
    25
  ],
  "total_loss": [
    3.9541064208824728,
    3.9076104313662623,
    3.8861268788554355,
    3.4563794406041533,
    3.1618744917123345,
    2.943787001007578,
    3.206370337941444,
    3.3177443317320585,
    3.345683951402275,
    3.3552057440892598,
    3.3495311850244542,
    3.315830890657958,
    2.9629299035990613,
    3.172805004720877,
    3.3168724134650205,
    3.3364917523572633,
    3.316440966902676,
    2.951533860132165,
    2.7624043284969613,
    3.020979263106753,
    3.176614210183088,
    3.2103057101530976,
    2.8156118770402285,
    2.981276971608953,
    3.0940708689100838
  ],
  "policy_loss": [
    3.810767599717111,
    3.7313104334658225,
    3.705468130965055,
    3.373193188790549,
    3.0849852738743477,
    2.8514631031418336,
    3.0885997009826482,
    3.1846899392737535,
    3.208875068211815,
    3.2176918394048473,
    3.208840991607173,
    3.1855337816556903,
    2.870422597611782,
    3.05208672497872,
    3.168171579778309,
    3.1916644207117884,
    3.1714544413262122,
    2.865124212391317,
    2.6629122702265424,
    2.8965461746668555,
    3.0335998083793116,
    3.063640528753333,
    2.724632795750904,
    2.872147934862382,
    2.964720982431374
  ],
  "value_loss": [
    0.14333882159343925,
    0.1762999973674982,
    0.18065874837676388,
    0.08318625132204517,
    0.07688921833337674,
    0.09232389753330887,
    0.11777063611106152,
    0.1330543920671593,
    0.13680888308279654,
    0.13751390398003466,
    0.14069019338731165,
    0.13029710763179433,
    0.09250730634349055,
    0.12071828009665427,
    0.1487008328986296,
    0.14482733119139038,
    0.14498652493317823,
    0.08640964852893741,
    0.09949205811104211,
    0.12443308796034006,
    0.14301440084089123,
    0.14666518155447889,
    0.09097908181643374,
    0.10912903721564955,
    0.12934988609662595
  ],
  "arena_win_rate": [
    0.5,
    0.5,
    1.0,
    1.0,
    1.0,
    0.5,
    0.5,
    0.5,
    0.5,
    0.5,
    0.5,
    1.0,
    0.0,
    0.5,
    0.5,
    0.5,
    1.0,
    1.0,
    0.5,
    0.5,
    0.5,
    1.0,
    0.0,
    0.5,
    0.5
  ],
  "vs_random_win_rate": [
    0.64,
    0.52,
    0.46,
    0.56,
    0.66,
    0.62,
    0.68,
    0.68,
    0.66,
    0.6,
    0.64,
    0.58,
    0.82,
    0.8,
    0.7,
    0.8,
    0.72,
    0.8,
    0.76,
    0.78,
    0.74,
    0.78,
    0.74,
    0.84,
    0.78
  ],
  "model_accepted": [
    false,
    false,
    true,
    true,
    true,
    false,
    false,
    false,
    false,
    false,
    false,
    true,
    false,
    false,
    false,
    false,
    true,
    true,
    false,
    false,
    false,
    true,
    false,
    false,
    false
  ],
  "buffer_size": [
    29032,
    57856,
    87576,
    100000,
    100000,
    100000,
    100000,
    100000,
    100000,
    100000,
    100000,
    100000,
    100000,
    100000,
    100000,
    100000,
    100000,
    100000,
    100000,
    100000,
    100000,
    100000,
    100000,
    100000,
    100000
  ],
  "self_play_outcomes": [
    [
      12,
      38,
      0
    ],
    [
      13,
      37,
      0
    ],
    [
      12,
      38,
      0
    ],
    [
      14,
      36,
      0
    ],
    [
      12,
      38,
      0
    ],
    [
      20,
      30,
      0
    ],
    [
      15,
      35,
      0
    ],
    [
      18,
      32,
      0
    ],
    [
      21,
      29,
      0
    ],
    [
      20,
      30,
      0
    ],
    [
      23,
      27,
      0
    ],
    [
      21,
      29,
      0
    ],
    [
      21,
      29,
      0
    ],
    [
      19,
      31,
      0
    ],
    [
      19,
      31,
      0
    ],
    [
      21,
      29,
      0
    ],
    [
      25,
      25,
      0
    ],
    [
      17,
      33,
      0
    ],
    [
      18,
      32,
      0
    ],
    [
      19,
      31,
      0
    ],
    [
      14,
      36,
      0
    ],
    [
      17,
      33,
      0
    ],
    [
      9,
      41,
      0
    ],
    [
      20,
      30,
      0
    ],
    [
      17,
      33,
      0
    ]
  ],
  "policy_entropy": [
    1.5238842391967773,
    1.4977314257621765,
    1.5150114464759827,
    1.115342037677765,
    1.2531309294700623,
    1.2920867156982423,
    1.0842146587371826,
    1.0314680361747741,
    1.310576877593994,
    1.073277542591095,
    1.0783958756923675,
    1.2861555516719818,
    1.0936920261383056,
    1.1577693665027617,
    1.1453762555122375,
    1.2504601168632508,
    1.1419617915153504,
    1.33617973446846,
    1.3711924982070922,
    1.1890871500968934,
    1.3978982710838317,
    1.3550039160251617,
    1.6100265097618103,
    1.5032689428329469,
    1.4915958762168884
  ],
  "mean_root_value": [
    0.011648456682617117,
    0.020948556538744258,
    0.01116044085223834,
    0.12429536884148601,
    0.14480291084888725,
    0.14727378844412395,
    0.14766936341635772,
    0.15791336973021525,
    0.1765095035762748,
    0.1331304656249385,
    0.13946835355154183,
    0.16410274644499143,
    0.17937189607366627,
    0.15590127600924794,
    0.16740070243060187,
    0.1762881613663862,
    0.17788592727884173,
    0.1727634924327967,
    0.2142320436355093,
    0.20129256461809494,
    0.21469716322337218,
    0.1966213447551825,
    0.2323361991849635,
    0.23194004629487786,
    0.2289414457896603
  ],
  "mean_search_depth": [
    2.758885955917387,
    2.7082459447416722,
    2.708916119548639,
    2.467588904199109,
    2.4687970209085033,
    2.478869333517695,
    2.5883568241622883,
    2.5897224684264266,
    2.54153919886943,
    2.613224081211235,
    2.6726247357864934,
    2.569694596733173,
    2.6234461367233046,
    2.5783796214182684,
    2.629149989760906,
    2.552696196929505,
    2.685613853844627,
    2.682021838418454,
    2.732307418626218,
    2.7279413665516596,
    2.7886048541688226,
    2.735929089594768,
    2.6738646900439482,
    2.7313729423498505,
    2.6032959376569744
  ],
  "mean_game_length": [
    72.58,
    72.06,
    74.3,
    86.8,
    84.98,
    81.98,
    95.12,
    93.44,
    78.14,
    91.72,
    93.48,
    83.12,
    88.14,
    84.44,
    86.04,
    79.96,
    86.76,
    79.56,
    77.78,
    83.56,
    74.56,
    76.18,
    61.64,
    66.34,
    66.2
  ]
}