{
  "iteration": [
    1,
    2
  ],
  "total_loss": [
    4.555798970990711,
    4.12560401552467
  ],
  "policy_loss": [
    4.345359855228001,
    4.044453875992888
  ],
  "value_loss": [
    0.21043911486372557,
    0.08115013723946377
  ],
  "arena_win_rate": [
    1.0,
    0.5
  ],
  "vs_random_win_rate": [
    0.4,
    0.4
  ],
  "model_accepted": [
    true,
    false
  ],
  "buffer_size": [
    3048,
    7912
  ],
  "self_play_outcomes": [
    [
      1,
      4,
      0
    ],
    [
      2,
      3,
      0
    ]
  ],
  "policy_entropy": [
    0.9453793406486511,
    0.18491645753383637
  ],
  "mean_root_value": [
    0.014073538669883371,
    0.02162705991448329
  ],
  "mean_search_depth": [
    1.4303711845817106,
    2.1519208348866132
  ],
  "mean_game_length": [
    76.2,
    121.6
  ]
}