{
  "iteration": [
    1,
    2,
    3,
    4,
    5,
    6,
    7,
    8,
    9,
    10,
    11,
    12,
    13,
    14,
    15,
    16,
    17,
    18,
    19,
    20,
    21,
    22,
    23,
    24,
    25
  ],
  "total_loss": [
    3.823329266234779,
    3.7437581925880252,
    3.769354086782319,
    3.7768328658065142,
    3.282291473677134,
    3.3307372062076075,
    3.370142366322641,
    2.7499205042782906,
    2.3751131003169474,
    2.6261194632372757,
    2.8676507858031846,
    3.0750704032823495,
    3.103890678347581,
    3.1017378082708693,
    3.0999472811767266,
    2.3700812299605523,
    2.561703919764265,
    2.181113628193787,
    2.411942303521438,
    2.6335168717155684,
    2.8465312444665325,
    2.8356992804048002,
    2.148407815829072,
    2.3495311637176997,
    2.5588214123869513
  ],
  "policy_loss": [
    3.695002616975177,
    3.595801436689895,
    3.590521872122661,
    3.574111800239291,
    3.2094394697264192,
    3.2421418438897605,
    3.268251045155037,
    2.682188926632087,
    2.2961515496106686,
    2.5277515823015175,
    2.749861406135681,
    2.9461416924111674,
    2.975551823941107,
    2.972365878395253,
    2.9744285600990974,
    2.2905015096932955,
    2.4698163195071365,
    2.104499031593165,
    2.3155245751498503,
    2.529206907128718,
    2.7281827991682106,
    2.71642320040143,
    2.0718429195392662,
    2.25742262369435,
    2.449936668615496
  ],
  "value_loss": [
    0.12832665048700262,
    0.1479567563520899,
    0.1788322149843833,
    0.20272106640071244,
    0.07285200415012626,
    0.08859536301716665,
    0.10189132014924387,
    0.0677315778580906,
    0.07896155063339123,
    0.0983678812001701,
    0.11778937976983979,
    0.12892870915547952,
    0.1283388541457163,
    0.129371930013867,
    0.12551872160075178,
    0.07957971990928527,
    0.09188759932353502,
    0.07661459673659117,
    0.09641772837584596,
    0.10430996437654776,
    0.11834844525074992,
    0.11927607971005427,
    0.07656489631492824,
    0.09210854024400172,
    0.10888474360066691
  ],
  "arena_win_rate": [
    0.5,
    0.0,
    0.0,
    1.0,
    0.5,
    0.0,
    1.0,
    1.0,
    0.0,
    0.5,
    0.5,
    0.0,
    0.5,
    0.5,
    1.0,
    0.5,
    1.0,
    0.5,
    0.5,
    0.5,
    0.5,
    1.0,
    0.0,
    0.5,
    0.5
  ],
  "vs_random_win_rate": [
    0.52,
    0.58,
    0.58,
    0.62,
    0.52,
    0.58,
    0.76,
    0.66,
    0.8,
    0.8,
    0.8,
    0.64,
    0.78,
    0.86,
    0.92,
    0.88,
    0.94,
    0.84,
    0.88,
    0.84,
    0.86,
    0.86,
    0.88,
    0.8,
    0.78
  ],
  "model_accepted": [
    false,
    false,
    false,
    true,
    false,
    false,
    true,
    true,
    false,
    false,
    false,
    false,
    false,
    false,
    true,
    false,
    true,
    false,
    false,
    false,
    false,
    true,
    false,
    false,
    false
  ],
  "buffer_size": [
    31504,
    64992,
    96496,
    127408,
    150000,
    150000,
    150000,
    150000,
    150000,
    150000,
    150000,
    150000,
    150000,
    150000,
    150000,
    150000,
    150000,
    150000,
    150000,
    150000,
    150000,
    150000,
    150000,
    150000,
    150000
  ],
  "self_play_outcomes": [
    [
      14,
      36,
      0
    ],
    [
      13,
      37,
      0
    ],
    [
      16,
      34,
      0
    ],
    [
      14,
      36,
      0
    ],
    [
      17,
      33,
      0
    ],
    [
      20,
      30,
      0
    ],
    [
      23,
      27,
      0
    ],
    [
      19,
      31,
      0
    ],
    [
      28,
      22,
      0
    ],
    [
      10,
      40,
      0
    ],
    [
      23,
      27,
      0
    ],
    [
      18,
      32,
      0
    ],
    [
      25,
      25,
      0
    ],
    [
      21,
      29,
      0
    ],
    [
      15,
      35,
      0
    ],
    [
      18,
      32,
      0
    ],
    [
      20,
      30,
      0
    ],
    [
      16,
      34,
      0
    ],
    [
      20,
      30,
      0
    ],
    [
      17,
      33,
      0
    ],
    [
      17,
      33,
      0
    ],
    [
      16,
      34,
      0
    ],
    [
      24,
      26,
      0
    ],
    [
      21,
      29,
      0
    ],
    [
      20,
      30,
      0
    ]
  ],
  "policy_entropy": [
    1.3002555191516876,
    1.1920704090595244,
    1.2931821298599244,
    1.285590385198593,
    1.1356928038597107,
    1.051557995080948,
    0.9930436015129089,
    1.010603848695755,
    1.0358814537525176,
    1.0650209307670593,
    1.0304747438430786,
    1.1746102857589722,
    1.022439706325531,
    1.119532734155655,
    1.1117770421504973,
    1.010711238384247,
    1.012828676700592,
    1.012861543893814,
    0.936369092464447,
    1.110666377544403,
    0.9862547713518143,
    0.9478187251091004,
    0.9833534455299378,
    1.0805706322193145,
    0.9410046052932739
  ],
  "mean_root_value": [
    0.022800283734806116,
    0.021519554125144086,
    0.02149231985712358,
    0.022072899477045826,
    0.10135468952216405,
    0.10912085105417985,
    0.10280031274946064,
    0.10466477882428117,
    0.1176018771632123,
    0.1274255218236239,
    0.10952910566922179,
    0.12494452976232585,
    0.10790899955905513,
    0.1315329698897316,
    0.12768594011165435,
    0.11610896948411847,
    0.1018931869957906,
    0.13233197028535712,
    0.1398052995985689,
    0.13105172060698142,
    0.12147368649088143,
    0.1205877353628907,
    0.13437327634462587,
    0.12459769922591503,
    0.10967072914973532
  ],
  "mean_search_depth": [
    2.986801046653773,
    2.9994559885627603,
    2.99298513769547,
    2.9949637097642965,
    2.56957117363995,
    2.6245038287001226,
    2.6153813521048823,
    2.5733546814420047,
    2.7265843953407627,
    2.7242700487251295,
    2.680976255137418,
    2.610657453616542,
    2.6055978358027034,
    2.6645662149401175,
    2.6936195829976515,
    2.758555563676809,
    2.787379902851376,
    2.9140373323279825,
    3.0237278639702385,
    2.7710453997985365,
    2.825887762546507,
    2.927904319854228,
    2.826275324318777,
    2.714348164379623,
    2.8311484889944354
  ],
  "mean_game_length": [
    78.76,
    83.72,
    78.76,
    77.28,
    88.5,
    90.66,
    95.38,
    96.62,
    90.92,
    90.94,
    92.9,
    85.14,
    91.46,
    88.26,
    85.64,
    93.58,
    95.2,
    94.88,
    100.16,
    87.7,
    94.28,
    98.7,
    96.76,
    91.6,
    98.76
  ]
}