{
  "iteration": [
    1,
    2,
    3,
    4,
    5,
    6,
    7,
    8,
    9,
    10,
    11,
    12,
    13,
    14,
    15,
    16,
    17,
    18,
    19,
    20,
    21,
    22,
    23,
    24,
    25
  ],
  "total_loss": [
    4.367392389579197,
    3.9072535232814682,
    3.937287362609678,
    3.9515986964830656,
    3.9037180050254783,
    3.8389796542694503,
    3.9070347407284904,
    3.8591170026518196,
    3.8249878785799227,
    3.7963220225270753,
    3.866797433118991,
    3.901422608599943,
    3.915591812713067,
    4.033271003348748,
    4.082644230630391,
    4.079884952261015,
    4.085818853707569,
    4.152073998128057,
    4.121212920477933,
    4.1469993308986846,
    4.133228653013859,
    4.111968694592986,
    4.14899959564209,
    4.0572576691732385,
    4.139668995248692
  ],
  "policy_loss": [
    3.982640962832419,
    3.5640619055389444,
    3.571783617298926,
    3.5614617568452647,
    3.5500002412539917,
    3.5154224690573903,
    3.5531562460657886,
    3.527870428135328,
    3.5135082398534125,
    3.4705329229764623,
    3.5518770495644008,
    3.554371159643773,
    3.5831709551994146,
    3.6496119577561497,
    3.7059354028433487,
    3.6919130607334245,
    3.7193186985257336,
    3.7347535419037277,
    3.7240328325639904,
    3.739105561169822,
    3.767672582904396,
    3.757962623002279,
    3.7662844512773597,
    3.721870911182345,
    3.740822364942497
  ],
  "value_loss": [
    0.3847514265879055,
    0.34319161957206057,
    0.3655037457823677,
    0.39013693853402914,
    0.3537177635433005,
    0.32355718561507707,
    0.35387849524984005,
    0.33124657473967545,
    0.31147963974072274,
    0.32578910049860893,
    0.3149203836749358,
    0.34705145224176176,
    0.3324208568076572,
    0.38365904514718313,
    0.3767088270877176,
    0.38797188996673204,
    0.3665001547156983,
    0.41732045694271014,
    0.3971800890493938,
    0.40789376965931157,
    0.3655560698119633,
    0.35400607064723627,
    0.38271514556354,
    0.33538675696453285,
    0.3988466301223125
  ],
  "arena_win_rate": [
    1.0,
    0.5,
    0.25,
    0.0,
    0.75,
    0.5,
    0.5,
    0.0,
    0.5,
    0.25,
    1.0,
    1.0,
    1.0,
    1.0,
    0.0,
    0.5,
    0.5,
    0.5,
    1.0,
    1.0,
    0.5,
    0.0,
    1.0,
    0.5,
    0.5
  ],
  "vs_random_win_rate": [
    0.89,
    0.86,
    0.81,
    0.82,
    0.86,
    0.92,
    0.88,
    0.84,
    0.9,
    0.86,
    0.94,
    0.9,
    0.94,
    0.9,
    0.93,
    0.93,
    0.92,
    0.87,
    0.9,
    0.92,
    0.88,
    0.86,
    0.92,
    0.94,
    0.8
  ],
  "model_accepted": [
    true,
    false,
    false,
    false,
    true,
    false,
    false,
    false,
    false,
    false,
    true,
    true,
    true,
    true,
    false,
    false,
    false,
    false,
    true,
    true,
    false,
    false,
    true,
    false,
    false
  ],
  "buffer_size": [
    50000,
    50000,
    50000,
    50000,
    50000,
    50000,
    50000,
    50000,
    50000,
    50000,
    50000,
    50000,
    50000,
    50000,
    50000,
    50000,
    50000,
    50000,
    50000,
    50000,
    50000,
    50000,
    50000,
    50000,
    50000
  ],
  "self_play_outcomes": [
    [
      39,
      59,
      2
    ],
    [
      42,
      57,
      1
    ],
    [
      51,
      46,
      3
    ],
    [
      50,
      44,
      6
    ],
    [
      49,
      49,
      2
    ],
    [
      51,
      47,
      2
    ],
    [
      40,
      60,
      0
    ],
    [
      48,
      49,
      3
    ],
    [
      53,
      43,
      4
    ],
    [
      44,
      49,
      7
    ],
    [
      53,
      43,
      4
    ],
    [
      44,
      51,
      5
    ],
    [
      41,
      57,
      2
    ],
    [
      55,
      40,
      5
    ],
    [
      52,
      44,
      4
    ],
    [
      45,
      49,
      6
    ],
    [
      49,
      47,
      4
    ],
    [
      51,
      48,
      1
    ],
    [
      45,
      51,
      4
    ],
    [
      40,
      53,
      7
    ],
    [
      36,
      60,
      4
    ],
    [
      53,
      42,
      5
    ],
    [
      53,
      45,
      2
    ],
    [
      48,
      47,
      5
    ],
    [
      40,
      54,
      6
    ]
  ],
  "policy_entropy": [
    0.2841568151116371,
    0.22111138761043547,
    0.21936761513352393,
    0.21974288240075113,
    0.21944552376866341,
    0.21176312252879143,
    0.21378092110157013,
    0.21248862892389297,
    0.21375594332814216,
    0.21190457344055175,
    0.21062994748353958,
    0.19507127538323402,
    0.208350006043911,
    0.20878123328089715,
    0.21225797340273858,
    0.20418124243617058,
    0.2032746748626232,
    0.20580079287290573,
    0.20295499488711358,
    0.2004344294965267,
    0.21006718412041664,
    0.20435043275356293,
    0.21003480330109597,
    0.20062064230442048,
    0.20079813554883003
  ],
  "mean_root_value": [
    0.07733053663897702,
    0.08964074654213201,
    0.08718463845797142,
    0.08683330331050952,
    0.08817030564737305,
    0.07309955484171095,
    0.0846680033628306,
    0.07672628727576608,
    0.07802081827296078,
    0.0722279918644066,
    0.0805841949616769,
    0.08542614406384208,
    0.07986713697989825,
    0.08044505045207914,
    0.08997442938564854,
    0.09100493062480679,
    0.09191568112994931,
    0.09078567887079161,
    0.09196166728322915,
    0.08042807189065096,
    0.08601031202727487,
    0.08037041295259229,
    0.08447258296738618,
    0.08723721515367239,
    0.08721576536373776
  ],
  "mean_search_depth": [
    2.7226094922505086,
    4.816586541833228,
    4.83241928481919,
    4.797058438769135,
    4.825064169333775,
    5.0020739532926575,
    5.020350366621753,
    4.9691795313486224,
    5.042032739290655,
    4.942129567982918,
    5.037579511185918,
    5.180435372765492,
    5.062530220148041,
    5.028395357663528,
    5.111523651728734,
    5.106076009675973,
    5.145588052309333,
    5.091547684795568,
    5.121421624061996,
    5.0326408978539865,
    5.100097392942109,
    5.016004409055339,
    5.057835014355633,
    4.989688288975383,
    4.974772020648308
  ],
  "mean_game_length": [
    96.14,
    96.23,
    96.18,
    96.2,
    96.31,
    96.18,
    95.69,
    96.25,
    96.32,
    96.1,
    96.26,
    96.24,
    96.27,
    96.36,
    95.43,
    96.26,
    96.33,
    96.24,
    96.39,
    96.26,
    95.33,
    96.26,
    95.41,
    96.21,
    96.32
  ]
}